Date,context.userId
2025-11-26T07:40:48.598Z,20858515
2025-11-26T07:40:36.671Z,1143457
2025-11-26T07:40:11.433Z,31810448
2025-11-26T07:38:28.309Z,10762673
2025-11-26T07:36:54.593Z,46846547
2025-11-26T07:36:37.630Z,46051571
2025-11-26T07:34:42.246Z,19299193
2025-11-26T07:34:00.014Z,3460754
2025-11-26T07:33:08.270Z,16869176
2025-11-26T07:30:16.535Z,14347196
2025-11-26T07:28:49.430Z,17499234
2025-11-26T07:27:56.597Z,15691530
2025-11-26T07:26:09.522Z,45367183
2025-11-26T07:25:28.120Z,12397068
2025-11-26T07:22:56.291Z,44934531
2025-11-26T07:19:26.807Z,36301057
2025-11-26T07:19:06.693Z,39209500
2025-11-26T07:18:37.924Z,37426309
2025-11-26T07:15:49.890Z,30645312
2025-11-26T07:15:22.155Z,8228941
2025-11-26T07:14:43.875Z,12960286
2025-11-26T07:14:40.416Z,31717328
2025-11-26T07:14:06.588Z,14140474
2025-11-26T07:13:38.807Z,29625112
2025-11-26T07:09:50.941Z,10839719
2025-11-26T07:08:27.104Z,21096203
2025-11-26T07:08:27.104Z,21096203
2025-11-26T07:06:57.339Z,10578815
2025-11-26T07:06:29.177Z,46850903
2025-11-26T07:06:21.326Z,15722051
2025-11-26T07:05:15.900Z,112608
2025-11-26T07:05:10.689Z,3263188
2025-11-26T07:04:24.646Z,11319944
2025-11-26T07:04:20.784Z,12382544
2025-11-26T07:04:03.298Z,43728640
2025-11-26T07:03:48.211Z,40313725
2025-11-26T07:02:51.677Z,46527244
2025-11-26T07:02:44.433Z,10715987
2025-11-26T07:02:25.358Z,46051571
2025-11-26T07:01:09.747Z,35456471
2025-11-26T07:00:40.859Z,27724138
2025-11-26T07:00:31.062Z,3173574
2025-11-26T06:59:02.921Z,28469902
2025-11-26T06:55:25.548Z,17254200
2025-11-26T06:54:21.680Z,16229410
2025-11-26T06:52:33.759Z,7118052
2025-11-26T06:49:20.258Z,10703183
2025-11-26T06:48:00.002Z,18007707
2025-11-26T06:47:14.809Z,10610878
2025-11-26T06:47:01.736Z,37770141
2025-11-26T06:45:44.538Z,44074968
2025-11-26T06:43:27.359Z,3263188
2025-11-26T06:42:59.043Z,
2025-11-26T06:41:56.274Z,39842649
2025-11-26T06:40:14.055Z,21354918
2025-11-26T06:39:54.143Z,12444607
2025-11-26T06:37:39.183Z,14524990
2025-11-26T06:36:59.647Z,35329228
2025-11-26T06:34:24.598Z,10631676
2025-11-26T06:32:42.379Z,29811723
2025-11-26T06:32:04.659Z,
2025-11-26T06:31:57.111Z,45035965
2025-11-26T06:31:38.163Z,30331978
2025-11-26T06:31:37.398Z,1132936
2025-11-26T06:30:33.039Z,20915349
2025-11-26T06:29:35.386Z,8533594
2025-11-26T06:28:51.247Z,38761050
2025-11-26T06:28:26.599Z,10610878
2025-11-26T06:26:14.443Z,40212907
2025-11-26T06:23:29.390Z,45878012
2025-11-26T06:23:13.682Z,40422799
2025-11-26T06:22:49.452Z,17630898
2025-11-26T06:22:05.395Z,27053953
2025-11-26T06:20:13.314Z,10685330
2025-11-26T06:20:12.309Z,44476147
2025-11-26T06:20:07.412Z,14524990
2025-11-26T06:19:22.497Z,29625112
2025-11-26T06:19:15.001Z,42717089
2025-11-26T06:18:50.624Z,13340934
2025-11-26T06:17:46.912Z,12382544
2025-11-26T06:16:15.905Z,11210192
2025-11-26T06:15:22.649Z,10856711
2025-11-26T06:14:18.520Z,44774335
2025-11-26T06:14:04.979Z,12290194
2025-11-26T06:13:58.170Z,15624076
2025-11-26T06:13:04.886Z,36552342
2025-11-26T06:13:04.159Z,14178258
2025-11-26T06:09:52.700Z,32033122
2025-11-26T06:09:34.107Z,
2025-11-26T06:09:08.178Z,
2025-11-26T06:08:00.172Z,17770169
2025-11-26T06:07:48.047Z,14130142
2025-11-26T06:06:31.184Z,22521226
2025-11-26T06:05:57.985Z,8550263
2025-11-26T06:05:26.939Z,18850822
2025-11-26T06:04:55.609Z,46283150
2025-11-26T06:04:38.497Z,22740240
2025-11-26T06:04:25.825Z,29782091
2025-11-26T06:03:55.539Z,42190650
2025-11-26T06:03:26.456Z,37981603
2025-11-26T06:03:25.988Z,44934531
2025-11-26T06:03:02.031Z,45664016
2025-11-26T06:01:12.082Z,20915349
2025-11-26T05:59:10.544Z,43247283
2025-11-26T05:57:50.708Z,11046869
2025-11-26T05:57:27.894Z,13238915
2025-11-26T05:56:34.821Z,
2025-11-26T05:56:26.336Z,12391299
2025-11-26T05:53:39.243Z,29788226
2025-11-26T05:52:21.606Z,15488272
2025-11-26T05:52:12.226Z,20731675
2025-11-26T05:51:36.538Z,44629800
2025-11-26T05:49:28.851Z,46834612
2025-11-26T05:48:58.925Z,17499234
2025-11-26T05:46:07.651Z,10908441
2025-11-26T05:45:47.948Z,29782091
2025-11-26T05:43:48.907Z,36630635
2025-11-26T05:43:26.351Z,43673075
2025-11-26T05:40:37.353Z,42678296
2025-11-26T05:40:18.964Z,10497717
2025-11-26T05:39:46.592Z,18837652
2025-11-26T05:38:11.324Z,1832653
2025-11-26T05:37:23.980Z,10859028
2025-11-26T05:36:31.637Z,21622905
2025-11-26T05:36:13.519Z,704599
2025-11-26T05:36:03.396Z,4718448
2025-11-26T05:34:59.011Z,22630498
2025-11-26T05:34:58.895Z,22630498
2025-11-26T05:34:40.382Z,12386512
2025-11-26T05:34:08.108Z,29862564
2025-11-26T05:34:04.617Z,19749456
2025-11-26T05:33:32.406Z,12505688
2025-11-26T05:32:21.633Z,18905865
2025-11-26T05:29:31.492Z,44723120
2025-11-26T05:27:15.949Z,14586294
2025-11-26T05:26:16.849Z,14683689
2025-11-26T05:25:47.616Z,19334226
2025-11-26T05:24:58.136Z,22203820
2025-11-26T05:23:59.394Z,45160648
2025-11-26T05:23:17.292Z,22389107
2025-11-26T05:23:13.437Z,8362248
2025-11-26T05:23:04.346Z,15444401
2025-11-26T05:23:00.680Z,46629800
2025-11-26T05:22:22.841Z,2423938
2025-11-26T05:21:59.921Z,20731675
2025-11-26T05:21:00.239Z,44706246
2025-11-26T05:20:47.848Z,10945366
2025-11-26T05:20:43.143Z,10305336
2025-11-26T05:20:41.036Z,39469187
2025-11-26T05:18:01.953Z,31313388
2025-11-26T05:17:38.489Z,14556703
2025-11-26T05:16:53.132Z,29321809
2025-11-26T05:16:36.964Z,11121572
2025-11-26T05:16:25.844Z,11260476
2025-11-26T05:16:15.619Z,13297638
2025-11-26T05:15:46.135Z,43504902
2025-11-26T05:15:10.785Z,16902073
2025-11-26T05:13:54.780Z,43459632
2025-11-26T05:13:05.390Z,11294408
2025-11-26T05:12:48.684Z,46478330
2025-11-26T05:12:02.487Z,
2025-11-26T05:11:40.878Z,46237864
2025-11-26T05:11:29.883Z,39725330
2025-11-26T05:10:59.637Z,11614667
2025-11-26T05:09:38.521Z,14615060
2025-11-26T05:09:28.728Z,22107157
2025-11-26T05:09:15.217Z,5791195
2025-11-26T05:09:00.902Z,31433756
2025-11-26T05:08:56.526Z,14085962
2025-11-26T05:08:23.548Z,15488272
2025-11-26T05:08:15.785Z,14556703
2025-11-26T05:07:55.959Z,14906702
2025-11-26T05:07:14.109Z,6016446
2025-11-26T05:06:13.456Z,2456370
2025-11-26T05:04:13.387Z,27276451
2025-11-26T05:04:13.379Z,43746638
2025-11-26T05:03:38.273Z,18696953
2025-11-26T05:03:20.114Z,35931123
2025-11-26T05:03:15.706Z,43869611
2025-11-26T05:02:58.499Z,16982547
2025-11-26T05:02:18.530Z,43464482
2025-11-26T05:00:51.291Z,43974778
2025-11-26T05:00:45.904Z,38616807
2025-11-26T05:00:21.737Z,17955928
2025-11-26T05:00:06.134Z,36541280
2025-11-26T04:59:01.896Z,36552342
2025-11-26T04:58:47.169Z,20419674
2025-11-26T04:58:35.460Z,11071878
2025-11-26T04:56:57.985Z,10967608
2025-11-26T04:56:40.608Z,19412129
2025-11-26T04:55:45.599Z,29155536
2025-11-26T04:55:39.845Z,43567025
2025-11-26T04:55:14.638Z,31903483
2025-11-26T04:55:03.333Z,14027187
2025-11-26T04:55:02.660Z,45568284
2025-11-26T04:54:42.253Z,35693877
2025-11-26T04:53:39.757Z,5882774
2025-11-26T04:53:26.679Z,42678296
2025-11-26T04:53:04.058Z,1998199
2025-11-26T04:52:00.746Z,12311747
2025-11-26T04:51:42.440Z,4093059
2025-11-26T04:49:29.040Z,11614667
2025-11-26T04:49:20.770Z,41234855
2025-11-26T04:49:12.583Z,20386050
2025-11-26T04:48:49.757Z,43636451
2025-11-26T04:47:56.819Z,10895072
2025-11-26T04:47:55.578Z,14556703
2025-11-26T04:47:00.634Z,13870432
2025-11-26T04:46:07.904Z,43629725
2025-11-26T04:44:31.798Z,17039106
2025-11-26T04:43:43.544Z,8469715
2025-11-26T04:42:13.163Z,11223979
2025-11-26T04:41:43.206Z,45899358
2025-11-26T04:41:28.670Z,
2025-11-26T04:41:27.897Z,18484942
2025-11-26T04:40:31.997Z,42934410
2025-11-26T04:40:28.707Z,2752254
2025-11-26T04:40:23.154Z,11939216
2025-11-26T04:40:01.047Z,12369909
2025-11-26T04:38:51.330Z,12233388
2025-11-26T04:37:02.182Z,38950371
2025-11-26T04:36:26.145Z,28818138
2025-11-26T04:34:28.741Z,10782105
2025-11-26T04:33:38.942Z,14433504
2025-11-26T04:33:15.612Z,36814424
2025-11-26T04:32:50.039Z,17507975
2025-11-26T04:32:12.131Z,2223352
2025-11-26T04:32:04.664Z,44539478
2025-11-26T04:31:29.497Z,11260476
2025-11-26T04:30:51.080Z,42375318
2025-11-26T04:30:27.665Z,46681074
2025-11-26T04:30:23.284Z,8154103
2025-11-26T04:29:48.106Z,5935902
2025-11-26T04:27:14.215Z,30013490
2025-11-26T04:25:16.591Z,
2025-11-26T04:24:58.777Z,41206475
2025-11-26T04:24:11.867Z,29709314
2025-11-26T04:23:24.808Z,43347314
2025-11-26T04:23:21.673Z,38957879
2025-11-26T04:21:54.200Z,38977442
2025-11-26T04:21:17.808Z,12655661
2025-11-26T04:21:12.507Z,8089132
2025-11-26T04:21:05.317Z,8469715
2025-11-26T04:19:11.324Z,10793342
2025-11-26T04:18:52.710Z,27854677
2025-11-26T04:17:49.230Z,7803947
2025-11-26T04:15:24.424Z,22076336
2025-11-26T04:12:49.898Z,38015388
2025-11-26T04:12:32.226Z,13017596
2025-11-26T04:12:18.210Z,37685759
2025-11-26T04:11:07.888Z,29332260
2025-11-26T04:10:57.222Z,16982547
2025-11-26T04:08:50.060Z,27372504
2025-11-26T04:08:41.656Z,21782341
2025-11-26T04:06:29.746Z,29515942
2025-11-26T04:05:29.611Z,38957879
2025-11-26T04:05:15.330Z,21483953
2025-11-26T04:05:12.235Z,32095625
2025-11-26T04:05:09.151Z,29709314
2025-11-26T04:04:36.513Z,1895679
2025-11-26T04:04:14.712Z,43869611
2025-11-26T04:04:10.346Z,37981603
2025-11-26T04:04:09.767Z,30319668
2025-11-26T04:03:54.244Z,21719861
2025-11-26T04:03:53.677Z,14035360
2025-11-26T04:03:51.315Z,11260476
2025-11-26T04:03:43.226Z,45857263
2025-11-26T04:02:54.245Z,14556703
2025-11-26T04:02:37.815Z,28680586
2025-11-26T04:01:46.121Z,7707213
2025-11-26T04:01:29.738Z,28423018
2025-11-26T04:00:43.940Z,22107157
2025-11-26T04:00:40.589Z,37392870
2025-11-26T04:00:12.663Z,35087959
2025-11-26T04:00:05.079Z,28546132
2025-11-26T04:00:03.632Z,13010521
2025-11-26T03:59:35.503Z,28546132
2025-11-26T03:59:25.635Z,10924581
2025-11-26T03:59:24.331Z,38684066
2025-11-26T03:57:59.382Z,42417661
2025-11-26T03:57:26.932Z,20121633
2025-11-26T03:57:12.101Z,20497656
2025-11-26T03:55:58.862Z,32171802
2025-11-26T03:55:54.402Z,12313087
2025-11-26T03:55:39.903Z,44255676
2025-11-26T03:55:32.935Z,16809257
2025-11-26T03:55:15.616Z,45755376
2025-11-26T03:54:28.712Z,12300764
2025-11-26T03:54:05.352Z,40011833
2025-11-26T03:52:06.198Z,43636451
2025-11-26T03:52:03.626Z,12953394
2025-11-26T03:51:12.910Z,13357100
2025-11-26T03:48:16.847Z,43889059
2025-11-26T03:48:08.272Z,29862554
2025-11-26T03:47:23.560Z,9715563
2025-11-26T03:47:05.742Z,23191328
2025-11-26T03:45:57.617Z,24526211
2025-11-26T03:45:55.003Z,22107157
2025-11-26T03:44:55.417Z,39277007
2025-11-26T03:44:34.261Z,36137256
2025-11-26T03:43:29.440Z,31563949
2025-11-26T03:43:25.750Z,29861464
2025-11-26T03:43:09.249Z,30900750
2025-11-26T03:42:43.471Z,29872194
2025-11-26T03:41:05.018Z,14598776
2025-11-26T03:40:48.431Z,6649074
2025-11-26T03:40:41.523Z,30180866
2025-11-26T03:40:36.969Z,18370404
2025-11-26T03:40:11.717Z,42270886
2025-11-26T03:39:30.253Z,28225315
2025-11-26T03:39:13.146Z,18361732
2025-11-26T03:38:37.579Z,46041058
2025-11-26T03:38:00.287Z,29847339
2025-11-26T03:37:53.537Z,40876699
2025-11-26T03:37:44.726Z,26909555
2025-11-26T03:36:12.178Z,1674922
2025-11-26T03:35:07.906Z,10762517
2025-11-26T03:34:57.154Z,12339835
2025-11-26T03:32:59.095Z,25066981
2025-11-26T03:32:51.814Z,10680729
2025-11-26T03:32:32.652Z,32318008
2025-11-26T03:32:27.749Z,10859028
2025-11-26T03:32:06.137Z,42678296
2025-11-26T03:32:03.549Z,45118037
2025-11-26T03:31:42.643Z,46629800
2025-11-26T03:30:09.391Z,46693667
2025-11-26T03:29:50.232Z,13765479
2025-11-26T03:29:36.071Z,20367719
2025-11-26T03:29:25.813Z,1169358
2025-11-26T03:28:45.247Z,14142905
2025-11-26T03:28:19.230Z,6016446
2025-11-26T03:28:00.949Z,17039106
2025-11-26T03:26:37.438Z,12474437
2025-11-26T03:25:57.326Z,29226396
2025-11-26T03:24:42.965Z,11700401
2025-11-26T03:24:28.992Z,7649606
2025-11-26T03:23:58.240Z,21222001
2025-11-26T03:23:24.152Z,10782105
2025-11-26T03:23:05.201Z,14199185
2025-11-26T03:22:54.955Z,10931528
2025-11-26T03:21:53.665Z,11053544
2025-11-26T03:21:31.674Z,46015394
2025-11-26T03:21:19.264Z,45798186
2025-11-26T03:20:52.794Z,43911649
2025-11-26T03:20:30.517Z,10938018
2025-11-26T03:20:14.954Z,46810463
2025-11-26T03:20:12.590Z,11159554
2025-11-26T03:19:53.627Z,19336778
2025-11-26T03:19:36.113Z,11274686
2025-11-26T03:19:02.165Z,30042902
2025-11-26T03:18:40.275Z,10782105
2025-11-26T03:18:20.263Z,45755376
2025-11-26T03:17:59.847Z,18976539
2025-11-26T03:17:54.060Z,39189926
2025-11-26T03:17:54.059Z,39189926
2025-11-26T03:17:02.619Z,15653804
2025-11-26T03:16:43.979Z,39031334
2025-11-26T03:16:21.385Z,14826248
2025-11-26T03:16:18.068Z,14465895
2025-11-26T03:16:07.751Z,10823064
2025-11-26T03:14:35.245Z,20330821
2025-11-26T03:14:11.352Z,16749418
2025-11-26T03:13:45.451Z,9506196
2025-11-26T03:13:04.846Z,17183896
2025-11-26T03:12:00.810Z,29670663
2025-11-26T03:11:39.212Z,12585029
2025-11-26T03:11:29.707Z,11071878
2025-11-26T03:11:10.936Z,28660127
2025-11-26T03:09:41.835Z,23366616
2025-11-26T03:09:41.638Z,16782176
2025-11-26T03:09:33.330Z,13697475
2025-11-26T03:09:29.123Z,14704098
2025-11-26T03:08:39.511Z,42006387
2025-11-26T03:07:37.711Z,18283294
2025-11-26T03:06:41.470Z,21934703
2025-11-26T03:06:10.089Z,36257057
2025-11-26T03:05:52.277Z,28680586
2025-11-26T03:04:24.880Z,43607159
2025-11-26T03:03:53.528Z,10805038
2025-11-26T03:02:28.067Z,11425246
2025-11-26T03:02:12.439Z,39194939
2025-11-26T03:01:43.432Z,39189926
2025-11-26T03:01:30.010Z,20305887
2025-11-26T03:01:22.999Z,45125481
2025-11-26T03:00:57.075Z,38416387
2025-11-26T03:00:02.679Z,45802555
2025-11-26T02:59:28.111Z,41010807
2025-11-26T02:59:04.333Z,12750331
2025-11-26T02:58:43.717Z,22108121
2025-11-26T02:58:15.306Z,19742064
2025-11-26T02:57:56.031Z,18974378
2025-11-26T02:57:33.153Z,2225981
2025-11-26T02:57:23.266Z,22919328
2025-11-26T02:57:21.003Z,42997196
2025-11-26T02:56:42.902Z,37898112
2025-11-26T02:56:35.935Z,46175658
2025-11-26T02:56:27.252Z,17051013
2025-11-26T02:56:18.532Z,17770169
2025-11-26T02:56:09.479Z,11274686
2025-11-26T02:56:07.559Z,45070430
2025-11-26T02:56:05.860Z,38456159
2025-11-26T02:56:00.569Z,10597309
2025-11-26T02:55:48.583Z,19773359
2025-11-26T02:55:41.272Z,10551865
2025-11-26T02:55:24.779Z,26408759
2025-11-26T02:55:07.792Z,16465356
2025-11-26T02:53:38.752Z,36575150
2025-11-26T02:52:10.766Z,46515910
2025-11-26T02:52:04.215Z,19773359
2025-11-26T02:51:03.538Z,10690544
2025-11-26T02:50:47.358Z,42098182
2025-11-26T02:50:34.778Z,16784001
2025-11-26T02:50:34.062Z,18469455
2025-11-26T02:50:13.794Z,28026749
2025-11-26T02:50:12.844Z,27971955
2025-11-26T02:50:12.130Z,38497199
2025-11-26T02:50:07.509Z,21440475
2025-11-26T02:49:39.963Z,29078546
2025-11-26T02:49:39.947Z,29078546
2025-11-26T02:49:28.186Z,5081494
2025-11-26T02:49:01.969Z,11425246
2025-11-26T02:48:18.916Z,15884348
2025-11-26T02:47:46.280Z,21104054
2025-11-26T02:47:36.838Z,6443439
2025-11-26T02:47:28.615Z,36606228
2025-11-26T02:47:23.604Z,12674851
2025-11-26T02:46:39.448Z,38655574
2025-11-26T02:46:33.881Z,43425500
2025-11-26T02:46:28.162Z,46493530
2025-11-26T02:46:21.432Z,38003666
2025-11-26T02:45:01.290Z,18426326
2025-11-26T02:44:34.928Z,46785521
2025-11-26T02:44:26.902Z,12202206
2025-11-26T02:44:23.485Z,40074980
2025-11-26T02:44:02.720Z,43762282
2025-11-26T02:42:20.228Z,38746837
2025-11-26T02:41:51.172Z,14614287
2025-11-26T02:41:49.950Z,17456863
2025-11-26T02:41:23.555Z,19336778
2025-11-26T02:41:18.706Z,11223979
2025-11-26T02:40:16.980Z,43348331
2025-11-26T02:40:04.493Z,36682501
2025-11-26T02:39:36.949Z,8739572
2025-11-26T02:39:08.679Z,11249789
2025-11-26T02:37:25.717Z,36419483
2025-11-26T02:36:49.919Z,
2025-11-26T02:35:17.415Z,22015188
2025-11-26T02:34:52.259Z,22919328
2025-11-26T02:34:25.689Z,38659074
2025-11-26T02:34:24.794Z,37550790
2025-11-26T02:33:47.181Z,40444439
2025-11-26T02:32:45.407Z,31238046
2025-11-26T02:32:32.423Z,42298969
2025-11-26T02:32:11.078Z,3525844
2025-11-26T02:31:23.574Z,16064332
2025-11-26T02:31:20.927Z,20589064
2025-11-26T02:31:16.088Z,44802230
2025-11-26T02:31:02.676Z,14398558
2025-11-26T02:30:44.349Z,30841015
2025-11-26T02:30:14.135Z,37812402
2025-11-26T02:29:43.457Z,11353766
2025-11-26T02:29:41.964Z,892951
2025-11-26T02:29:40.492Z,44290676
2025-11-26T02:28:56.010Z,549997
2025-11-26T02:28:39.894Z,12398829
2025-11-26T02:27:39.405Z,28812396
2025-11-26T02:26:54.272Z,524626
2025-11-26T02:26:34.829Z,12508708
2025-11-26T02:26:23.959Z,46686295
2025-11-26T02:26:23.458Z,43908072
2025-11-26T02:26:16.025Z,36265501
2025-11-26T02:25:58.595Z,44589175
2025-11-26T02:25:37.860Z,10921668
2025-11-26T02:25:25.422Z,19684803
2025-11-26T02:25:16.340Z,10612890
2025-11-26T02:23:37.180Z,892951
2025-11-26T02:23:03.146Z,18667244
2025-11-26T02:22:52.756Z,37744712
2025-11-26T02:22:43.837Z,11271719
2025-11-26T02:22:37.608Z,12533161
2025-11-26T02:22:26.633Z,14672019
2025-11-26T02:22:01.853Z,39725330
2025-11-26T02:21:53.753Z,16823877
2025-11-26T02:21:06.725Z,36541280
2025-11-26T02:20:57.759Z,22156803
2025-11-26T02:20:09.573Z,14701157
2025-11-26T02:19:53.760Z,15433536
2025-11-26T02:19:29.454Z,44953255
2025-11-26T02:19:20.923Z,46429104
2025-11-26T02:19:09.909Z,
2025-11-26T02:19:05.002Z,41010807
2025-11-26T02:18:58.037Z,27578957
2025-11-26T02:18:50.212Z,44579483
2025-11-26T02:18:25.394Z,27788206
2025-11-26T02:18:21.669Z,29078546
2025-11-26T02:18:13.669Z,36069635
2025-11-26T02:18:10.174Z,46539591
2025-11-26T02:17:26.092Z,38655574
2025-11-26T02:17:24.363Z,17193647
2025-11-26T02:16:52.425Z,28546132
2025-11-26T02:16:19.332Z,38957879
2025-11-26T02:15:57.455Z,35449741
2025-11-26T02:15:10.709Z,22009611
2025-11-26T02:14:53.779Z,42115230
2025-11-26T02:14:41.623Z,16690088
2025-11-26T02:14:40.196Z,39180666
2025-11-26T02:13:35.863Z,17100998
2025-11-26T02:13:13.631Z,16102048
2025-11-26T02:13:11.542Z,37152076
2025-11-26T02:12:28.199Z,19336778
2025-11-26T02:12:08.208Z,29585009
2025-11-26T02:10:47.447Z,10624720
2025-11-26T02:10:45.215Z,21134990
2025-11-26T02:10:42.060Z,46478330
2025-11-26T02:10:15.533Z,21774951
2025-11-26T02:09:46.578Z,45655405
2025-11-26T02:09:40.377Z,10549549
2025-11-26T02:08:44.551Z,45061517
2025-11-26T02:08:39.582Z,423920
2025-11-26T02:08:11.109Z,27498711
2025-11-26T02:07:44.434Z,16609944
2025-11-26T02:07:35.037Z,38957879
2025-11-26T02:07:11.267Z,21810847
2025-11-26T02:06:03.439Z,42144611
2025-11-26T02:05:58.344Z,42106378
2025-11-26T02:05:49.999Z,18248859
2025-11-26T02:05:48.601Z,25922343
2025-11-26T02:05:33.059Z,44002029
2025-11-26T02:05:07.207Z,12380978
2025-11-26T02:04:32.694Z,21645622
2025-11-26T02:04:16.680Z,40007153
2025-11-26T02:03:55.101Z,42125905
2025-11-26T02:03:15.148Z,46686295
2025-11-26T02:03:14.497Z,17055725
2025-11-26T02:03:05.741Z,23744592
2025-11-26T02:02:47.432Z,13054947
2025-11-26T02:02:25.136Z,12294812
2025-11-26T02:01:56.540Z,10885012
2025-11-26T02:01:52.301Z,42883646
2025-11-26T02:01:10.629Z,12342202
2025-11-26T02:01:00.836Z,39483462
2025-11-26T02:00:29.836Z,10799839
2025-11-26T02:00:03.104Z,28801241
2025-11-26T01:59:18.913Z,15433536
2025-11-26T01:56:57.020Z,44953255
2025-11-26T01:56:51.761Z,44326301
2025-11-26T01:56:02.722Z,10667452
2025-11-26T01:55:55.508Z,46838298
2025-11-26T01:55:38.534Z,564749
2025-11-26T01:55:23.822Z,31620932
2025-11-26T01:55:21.860Z,16822835
2025-11-26T01:54:55.518Z,41293231
2025-11-26T01:54:50.061Z,16690124
2025-11-26T01:54:13.790Z,46092856
2025-11-26T01:53:30.735Z,10882900
2025-11-26T01:53:21.553Z,37449689
2025-11-26T01:53:19.115Z,10938018
2025-11-26T01:53:12.478Z,27205822
2025-11-26T01:52:07.942Z,42857085
2025-11-26T01:51:37.238Z,3756858
2025-11-26T01:51:36.727Z,17152935
2025-11-26T01:51:15.615Z,46824145
2025-11-26T01:50:45.300Z,39250865
2025-11-26T01:50:15.724Z,23482912
2025-11-26T01:49:27.495Z,29421368
2025-11-26T01:49:13.754Z,36663146
2025-11-26T01:49:07.831Z,14035360
2025-11-26T01:48:48.656Z,16627764
2025-11-26T01:48:01.717Z,25831400
2025-11-26T01:47:50.092Z,46568562
2025-11-26T01:47:43.832Z,39108964
2025-11-26T01:47:39.917Z,13408455
2025-11-26T01:47:31.147Z,564749
2025-11-26T01:47:06.104Z,19942279
2025-11-26T01:46:51.771Z,31518099
2025-11-26T01:46:35.168Z,16848529
2025-11-26T01:46:07.821Z,38962098
2025-11-26T01:45:48.866Z,10849951
2025-11-26T01:45:25.450Z,30526061
2025-11-26T01:45:10.040Z,46804435
2025-11-26T01:43:15.207Z,423920
2025-11-26T01:43:06.153Z,10612890
2025-11-26T01:42:41.092Z,10684356
2025-11-26T01:41:44.610Z,3929529
2025-11-26T01:41:05.214Z,40284687
2025-11-26T01:40:53.576Z,15433536
2025-11-26T01:40:47.623Z,10823064
2025-11-26T01:39:37.704Z,37667373
2025-11-26T01:39:27.754Z,14059338
2025-11-26T01:38:42.504Z,28765888
2025-11-26T01:38:35.286Z,31374370
2025-11-26T01:38:34.269Z,41036885
2025-11-26T01:38:16.835Z,8612947
2025-11-26T01:38:15.253Z,19334226
2025-11-26T01:38:12.569Z,30251604
2025-11-26T01:37:39.793Z,20793486
2025-11-26T01:37:25.620Z,11166618
2025-11-26T01:36:29.946Z,564749
2025-11-26T01:36:15.765Z,43434413
2025-11-26T01:34:54.927Z,14502933
2025-11-26T01:34:37.223Z,18926674
2025-11-26T01:33:22.824Z,15299330
2025-11-26T01:33:16.230Z,41158201
2025-11-26T01:33:11.230Z,10567664
2025-11-26T01:33:08.653Z,46847418
2025-11-26T01:32:56.963Z,20793486
2025-11-26T01:32:42.237Z,28131407
2025-11-26T01:32:39.901Z,30526061
2025-11-26T01:32:32.085Z,43830500
2025-11-26T01:31:55.654Z,2225981
2025-11-26T01:31:54.379Z,23258563
2025-11-26T01:30:16.771Z,12581098
2025-11-26T01:30:00.611Z,40001288
2025-11-26T01:29:45.015Z,16826812
2025-11-26T01:29:21.969Z,18734715
2025-11-26T01:28:13.328Z,38325170
2025-11-26T01:27:38.733Z,16446122
2025-11-26T01:27:30.276Z,1018046
2025-11-26T01:27:04.094Z,16579538
2025-11-26T01:26:53.508Z,12625664
2025-11-26T01:26:20.621Z,12309047
2025-11-26T01:26:02.231Z,29981984
2025-11-26T01:25:32.544Z,35234681
2025-11-26T01:25:28.998Z,39478297
2025-11-26T01:24:57.984Z,38140291
2025-11-26T01:24:11.317Z,37729116
2025-11-26T01:23:54.478Z,13475793
2025-11-26T01:23:48.930Z,44079769
2025-11-26T01:22:50.589Z,27966284
2025-11-26T01:22:43.902Z,11071878
2025-11-26T01:22:40.141Z,11146899
2025-11-26T01:22:31.548Z,39086374
2025-11-26T01:22:19.990Z,22012265
2025-11-26T01:20:59.220Z,14496733
2025-11-26T01:19:42.602Z,21338994
2025-11-26T01:19:42.553Z,43891419
2025-11-26T01:17:50.758Z,4114091
2025-11-26T01:17:33.103Z,46136140
2025-11-26T01:16:56.953Z,11076385
2025-11-26T01:16:31.797Z,11818591
2025-11-26T01:16:25.340Z,31713105
2025-11-26T01:16:16.301Z,12435613
2025-11-26T01:15:45.615Z,31009153
2025-11-26T01:15:08.409Z,43733088
2025-11-26T01:14:41.434Z,14502933
2025-11-26T01:14:17.502Z,43723043
2025-11-26T01:14:10.771Z,5984482
2025-11-26T01:13:59.870Z,12525399
2025-11-26T01:13:56.740Z,28591056
2025-11-26T01:13:31.069Z,13109299
2025-11-26T01:13:11.347Z,23482912
2025-11-26T01:11:47.645Z,43434413
2025-11-26T01:11:46.772Z,11023344
2025-11-26T01:11:08.840Z,13740176
2025-11-26T01:10:59.289Z,
2025-11-26T01:10:52.674Z,17597751
2025-11-26T01:10:10.510Z,40268328
2025-11-26T01:09:56.637Z,38448980
2025-11-26T01:09:52.475Z,12509061
2025-11-26T01:09:42.740Z,43334382
2025-11-26T01:09:17.715Z,27628593
2025-11-26T01:07:36.574Z,40065824
2025-11-26T01:07:16.713Z,21780593
2025-11-26T01:06:00.125Z,26703305
2025-11-26T01:05:56.225Z,20388365
2025-11-26T01:05:46.082Z,39179722
2025-11-26T01:05:15.256Z,10894458
2025-11-26T01:05:11.538Z,16856312
2025-11-26T01:05:07.726Z,24135380
2025-11-26T01:04:58.918Z,18119431
2025-11-26T01:04:31.279Z,23744592
2025-11-26T01:04:30.990Z,45798186
2025-11-26T01:04:13.242Z,506703
2025-11-26T01:03:29.395Z,16848529
2025-11-26T01:01:59.456Z,9152504
2025-11-26T00:59:36.677Z,15691530
2025-11-26T00:58:22.996Z,14894393
2025-11-26T00:58:16.923Z,43607159
2025-11-26T00:58:05.377Z,45126447
2025-11-26T00:57:48.474Z,46847365
2025-11-26T00:57:47.250Z,10894458
2025-11-26T00:57:18.176Z,6721670
2025-11-26T00:57:09.123Z,12508708
2025-11-26T00:56:46.244Z,28213140
2025-11-26T00:56:27.915Z,38957879
2025-11-26T00:56:27.023Z,
2025-11-26T00:55:46.544Z,16826812
2025-11-26T00:55:12.646Z,14699469
2025-11-26T00:54:10.508Z,9695746
2025-11-26T00:53:02.324Z,43635367
2025-11-26T00:52:00.513Z,29234396
2025-11-26T00:51:25.627Z,46742822
2025-11-26T00:51:09.959Z,17157855
2025-11-26T00:51:00.225Z,46092856
2025-11-26T00:50:54.695Z,12649030
2025-11-26T00:50:48.688Z,14390841
2025-11-26T00:50:29.585Z,21399513
2025-11-26T00:50:16.953Z,46679193
2025-11-26T00:49:46.085Z,46751186
2025-11-26T00:49:29.998Z,9552644
2025-11-26T00:49:08.604Z,41264649
2025-11-26T00:49:02.863Z,40065824
2025-11-26T00:48:45.646Z,12390831
2025-11-26T00:47:59.381Z,29649630
2025-11-26T00:47:31.075Z,17042325
2025-11-26T00:47:04.359Z,44098276
2025-11-26T00:46:59.912Z,2400145
2025-11-26T00:46:38.015Z,14828570
2025-11-26T00:46:30.941Z,39909426
2025-11-26T00:46:17.703Z,8333323
2025-11-26T00:45:21.190Z,42709945
2025-11-26T00:44:57.567Z,20948249
2025-11-26T00:44:57.323Z,13740176
2025-11-26T00:44:10.027Z,4177229
2025-11-26T00:43:29.293Z,14688549
2025-11-26T00:43:24.260Z,6994632
2025-11-26T00:43:19.705Z,25979240
2025-11-26T00:43:00.580Z,10844242
2025-11-26T00:42:54.329Z,17331108
2025-11-26T00:42:13.250Z,9713212
2025-11-26T00:41:59.726Z,11368591
2025-11-26T00:41:51.126Z,17262519
2025-11-26T00:41:33.800Z,46092856
2025-11-26T00:41:25.132Z,45978309
2025-11-26T00:40:55.585Z,43581165
2025-11-26T00:40:51.262Z,15629687
2025-11-26T00:40:23.490Z,27964628
2025-11-26T00:40:22.050Z,16856312
2025-11-26T00:39:58.253Z,12732858
2025-11-26T00:38:50.327Z,36056879
2025-11-26T00:37:59.912Z,13570200
2025-11-26T00:37:32.370Z,13368088
2025-11-26T00:37:16.265Z,18342506
2025-11-26T00:37:09.786Z,26791115
2025-11-26T00:36:11.071Z,487152
2025-11-26T00:35:51.232Z,7100303
2025-11-26T00:35:50.946Z,5984482
2025-11-26T00:35:29.560Z,27628593
2025-11-26T00:35:07.159Z,20610843
2025-11-26T00:33:59.341Z,21359347
2025-11-26T00:33:28.269Z,14198054
2025-11-26T00:33:22.194Z,20536591
2025-11-26T00:32:59.758Z,12679678
2025-11-26T00:32:48.521Z,17308416
2025-11-26T00:31:40.949Z,44334735
2025-11-26T00:31:21.258Z,8550263
2025-11-26T00:29:59.567Z,44392058
2025-11-26T00:29:33.050Z,12620727
2025-11-26T00:29:26.897Z,46543426
2025-11-26T00:29:00.703Z,43568222
2025-11-26T00:28:59.994Z,46841163
2025-11-26T00:28:46.046Z,736882
2025-11-26T00:27:52.375Z,14465895
2025-11-26T00:26:59.753Z,14537581
2025-11-26T00:26:53.332Z,44974107
2025-11-26T00:26:25.344Z,46679034
2025-11-26T00:26:11.120Z,32051082
2025-11-26T00:25:56.340Z,15859922
2025-11-26T00:25:40.607Z,27724138
2025-11-26T00:24:51.401Z,45872841
2025-11-26T00:24:26.914Z,11184996
2025-11-26T00:24:09.427Z,9180508
2025-11-26T00:23:45.294Z,6446993
2025-11-26T00:23:13.611Z,19363243
2025-11-26T00:22:58.639Z,32186897
2025-11-26T00:22:57.592Z,45798186
2025-11-26T00:22:30.694Z,6016446
2025-11-26T00:22:22.093Z,7174490
2025-11-26T00:22:01.116Z,7174490
2025-11-26T00:21:53.914Z,44290676
2025-11-26T00:19:47.925Z,17308416
2025-11-26T00:19:05.162Z,11261454
2025-11-26T00:18:19.808Z,2409968
2025-11-26T00:17:59.133Z,31800104
2025-11-26T00:17:24.864Z,25843921
2025-11-26T00:16:31.172Z,45872841
2025-11-26T00:15:31.827Z,16848529
2025-11-26T00:15:15.810Z,12505688
2025-11-26T00:15:13.492Z,35384937
2025-11-26T00:15:06.955Z,13466556
2025-11-26T00:14:29.104Z,
2025-11-26T00:14:06.198Z,36638301
2025-11-26T00:14:01.491Z,11047613
2025-11-26T00:12:02.908Z,46515910
2025-11-26T00:09:55.495Z,32194757
2025-11-26T00:09:55.276Z,13388520
2025-11-26T00:09:33.753Z,15691530
2025-11-26T00:09:27.216Z,9695746
2025-11-26T00:09:20.114Z,42311367
2025-11-26T00:09:20.104Z,42311367
2025-11-26T00:09:20.096Z,42311367
2025-11-26T00:08:29.182Z,8157649
2025-11-26T00:07:54.070Z,46478330
2025-11-26T00:07:22.018Z,46651671
2025-11-26T00:07:21.117Z,12928962
2025-11-26T00:07:14.831Z,46080850
2025-11-26T00:07:12.760Z,46841163
2025-11-26T00:06:46.108Z,29226396
2025-11-26T00:06:33.049Z,1169358
2025-11-26T00:06:28.796Z,46843920
2025-11-26T00:06:01.431Z,20460503
2025-11-26T00:05:28.958Z,46798824
2025-11-26T00:05:04.175Z,32300191
2025-11-26T00:04:16.638Z,44829965
2025-11-26T00:03:51.567Z,18647154
2025-11-26T00:03:30.565Z,46715900
2025-11-26T00:02:05.382Z,12930412
2025-11-26T00:01:04.177Z,12280206
2025-11-26T00:00:59.698Z,4718448
2025-11-25T23:59:43.248Z,27635318
2025-11-25T23:59:34.981Z,46210718
2025-11-25T23:58:39.945Z,23463964
2025-11-25T23:58:23.840Z,10978131
2025-11-25T23:57:56.106Z,46772990
2025-11-25T23:56:48.519Z,40215210
2025-11-25T23:56:33.243Z,13007081
2025-11-25T23:55:00.964Z,13984165
2025-11-25T23:55:00.032Z,42538522
2025-11-25T23:54:17.113Z,20770484
2025-11-25T23:53:49.383Z,29754239
2025-11-25T23:53:24.770Z,10611794
2025-11-25T23:53:18.327Z,17100038
2025-11-25T23:53:06.103Z,10924450
2025-11-25T23:52:55.213Z,44863083
2025-11-25T23:51:43.053Z,14984240
2025-11-25T23:51:06.641Z,38354529
2025-11-25T23:50:48.019Z,35324684
2025-11-25T23:50:36.385Z,12171199
2025-11-25T23:50:25.617Z,36949701
2025-11-25T23:50:12.169Z,28167797
2025-11-25T23:50:03.638Z,28524620
2025-11-25T23:48:55.292Z,19199209
2025-11-25T23:48:41.462Z,12605544
2025-11-25T23:48:15.139Z,11818591
2025-11-25T23:47:31.668Z,43925863
2025-11-25T23:47:22.043Z,12962872
2025-11-25T23:47:11.911Z,1405346
2025-11-25T23:46:44.976Z,32032478
2025-11-25T23:46:25.385Z,45945303
2025-11-25T23:46:21.772Z,8550263
2025-11-25T23:46:13.624Z,46751186
2025-11-25T23:45:13.781Z,18804302
2025-11-25T23:44:59.661Z,35790140
2025-11-25T23:44:54.905Z,44323451
2025-11-25T23:43:51.081Z,16328583
2025-11-25T23:43:34.847Z,21354918
2025-11-25T23:43:12.808Z,11062205
2025-11-25T23:42:35.286Z,12435613
2025-11-25T23:41:06.130Z,13578813
2025-11-25T23:39:17.313Z,29862564
2025-11-25T23:38:54.985Z,45828422
2025-11-25T23:38:46.191Z,46808005
2025-11-25T23:38:23.895Z,27577671
2025-11-25T23:38:01.760Z,37418426
2025-11-25T23:37:47.972Z,8550263
2025-11-25T23:37:37.574Z,30841015
2025-11-25T23:37:36.425Z,14594294
2025-11-25T23:36:31.863Z,15421179
2025-11-25T23:36:29.242Z,35389336
2025-11-25T23:36:29.208Z,46577680
2025-11-25T23:35:59.740Z,39579199
2025-11-25T23:34:50.237Z,46772990
2025-11-25T23:34:36.381Z,4212366
2025-11-25T23:34:30.192Z,29867791
2025-11-25T23:33:42.072Z,19348432
2025-11-25T23:32:44.580Z,19452442
2025-11-25T23:32:26.171Z,17255806
2025-11-25T23:32:17.120Z,8577301
2025-11-25T23:32:13.389Z,13534350
2025-11-25T23:32:04.350Z,42311367
2025-11-25T23:30:04.558Z,7174490
2025-11-25T23:30:03.419Z,46150728
2025-11-25T23:29:46.996Z,46552917
2025-11-25T23:28:35.972Z,10673831
2025-11-25T23:28:23.638Z,38868826
2025-11-25T23:28:12.599Z,46092856
2025-11-25T23:27:57.592Z,10270623
2025-11-25T23:27:27.089Z,44236702
2025-11-25T23:27:23.772Z,6197776
2025-11-25T23:27:18.665Z,38828016
2025-11-25T23:26:40.205Z,9272657
2025-11-25T23:25:29.869Z,41244561
2025-11-25T23:24:42.136Z,14130142
2025-11-25T23:24:38.077Z,46841128
2025-11-25T23:24:34.511Z,36338069
2025-11-25T23:24:17.843Z,12654510
2025-11-25T23:24:14.081Z,46772990
2025-11-25T23:23:24.563Z,35763185
2025-11-25T23:23:21.748Z,44811174
2025-11-25T23:22:34.160Z,39265204
2025-11-25T23:22:08.923Z,2481232
2025-11-25T23:21:58.606Z,22901398
2025-11-25T23:21:52.628Z,38073349
2025-11-25T23:21:50.583Z,15702949
2025-11-25T23:21:23.570Z,35555845
2025-11-25T23:20:45.258Z,11231196
2025-11-25T23:20:12.331Z,10563125
2025-11-25T23:19:44.305Z,32274887
2025-11-25T23:19:40.501Z,46766336
2025-11-25T23:19:14.835Z,46742068
2025-11-25T23:19:12.934Z,45723953
2025-11-25T23:18:37.686Z,42599755
2025-11-25T23:18:26.227Z,31784233
2025-11-25T23:17:57.605Z,15523421
2025-11-25T23:17:56.714Z,27615811
2025-11-25T23:15:53.377Z,7310006
2025-11-25T23:15:11.899Z,10978911
2025-11-25T23:15:00.915Z,12722065
2025-11-25T23:14:08.104Z,31643866
2025-11-25T23:13:44.375Z,11228939
2025-11-25T23:13:35.714Z,16636785
2025-11-25T23:13:23.605Z,10258821
2025-11-25T23:12:53.626Z,20777457
2025-11-25T23:11:56.263Z,18342506
2025-11-25T23:11:40.977Z,42525684
2025-11-25T23:11:14.607Z,22652507
2025-11-25T23:11:07.728Z,21872294
2025-11-25T23:10:48.786Z,12372016
2025-11-25T23:10:16.637Z,8507927
2025-11-25T23:10:04.767Z,37077273
2025-11-25T23:09:09.659Z,16925190
2025-11-25T23:08:59.519Z,39180666
2025-11-25T23:07:51.354Z,17464577
2025-11-25T23:07:25.235Z,14803222
2025-11-25T23:06:58.876Z,4630648
2025-11-25T23:04:59.913Z,41152212
2025-11-25T23:04:09.918Z,46844162
2025-11-25T23:03:32.348Z,4197623
2025-11-25T23:03:18.915Z,11218091
2025-11-25T23:03:03.985Z,4067316
2025-11-25T23:02:39.025Z,17749714
2025-11-25T23:02:26.148Z,12799779
2025-11-25T23:01:36.113Z,38937677
2025-11-25T23:01:11.494Z,11031968
2025-11-25T23:01:05.491Z,22878272
2025-11-25T22:58:45.710Z,28167797
2025-11-25T22:58:23.358Z,14897958
2025-11-25T22:58:02.998Z,16636785
2025-11-25T22:57:26.080Z,26087288
2025-11-25T22:56:28.646Z,32300191
2025-11-25T22:56:13.491Z,30050657
2025-11-25T22:56:07.130Z,4942783
2025-11-25T22:55:45.013Z,11218091
2025-11-25T22:55:10.483Z,13544292
2025-11-25T22:55:09.971Z,13943649
2025-11-25T22:55:04.262Z,25762070
2025-11-25T22:54:10.230Z,46841161
2025-11-25T22:53:43.603Z,14699469
2025-11-25T22:53:06.240Z,42557743
2025-11-25T22:52:01.226Z,44537331
2025-11-25T22:51:55.862Z,31935186
2025-11-25T22:51:45.128Z,38267537
2025-11-25T22:50:49.627Z,12805373
2025-11-25T22:50:49.335Z,19537571
2025-11-25T22:50:06.365Z,23408403
2025-11-25T22:49:35.119Z,12805373
2025-11-25T22:49:23.787Z,25895553
2025-11-25T22:48:49.466Z,42507306
2025-11-25T22:48:40.900Z,15523421
2025-11-25T22:48:33.744Z,3057944
2025-11-25T22:48:29.962Z,20419674
2025-11-25T22:48:22.455Z,44856882
2025-11-25T22:47:59.258Z,11465140
2025-11-25T22:46:29.089Z,7740115
2025-11-25T22:45:32.306Z,12908189
2025-11-25T22:44:55.716Z,10687115
2025-11-25T22:44:40.039Z,10911862
2025-11-25T22:43:15.354Z,18087912
2025-11-25T22:43:08.173Z,32085188
2025-11-25T22:41:32.051Z,38149302
2025-11-25T22:40:59.404Z,9268051
2025-11-25T22:40:09.167Z,11344022
2025-11-25T22:39:34.126Z,12307584
2025-11-25T22:38:45.018Z,39554110
2025-11-25T22:37:42.917Z,16446122
2025-11-25T22:36:54.253Z,29226396
2025-11-25T22:35:27.965Z,29144747
2025-11-25T22:33:36.384Z,10805038
2025-11-25T22:33:14.947Z,12820690
2025-11-25T22:32:41.837Z,45019723
2025-11-25T22:31:16.254Z,36702859
2025-11-25T22:27:53.909Z,813949
2025-11-25T22:27:21.141Z,45940649
2025-11-25T22:27:05.471Z,10680729
2025-11-25T22:25:50.636Z,42025326
2025-11-25T22:25:47.029Z,30516668
2025-11-25T22:24:29.130Z,43928251
2025-11-25T22:23:33.695Z,45217964
2025-11-25T22:23:27.116Z,46190136
2025-11-25T22:22:59.259Z,691690
2025-11-25T22:22:30.692Z,16693115
2025-11-25T22:22:28.039Z,46683533
2025-11-25T22:21:37.042Z,3438809
2025-11-25T22:21:21.778Z,46615035
2025-11-25T22:20:25.709Z,11045732
2025-11-25T22:20:11.678Z,1962291
2025-11-25T22:18:17.679Z,19699165
2025-11-25T22:16:36.282Z,6446993
2025-11-25T22:15:05.980Z,16441043
2025-11-25T22:14:53.948Z,22652507
2025-11-25T22:14:14.043Z,19357756
2025-11-25T22:13:18.634Z,699951
2025-11-25T22:12:48.265Z,23238368
2025-11-25T22:12:12.577Z,46844340
2025-11-25T22:11:37.218Z,46656129
2025-11-25T22:10:47.034Z,46574733
2025-11-25T22:10:39.955Z,10943121
2025-11-25T22:08:48.460Z,43928251
2025-11-25T22:08:25.539Z,629046
2025-11-25T22:08:20.749Z,2751645
2025-11-25T22:07:54.906Z,19388682
2025-11-25T22:07:47.486Z,21754996
2025-11-25T22:06:16.304Z,7100098
2025-11-25T22:05:16.503Z,46210718
2025-11-25T22:03:46.846Z,45684529
2025-11-25T22:02:36.966Z,12218442
2025-11-25T22:02:01.916Z,36574595
2025-11-25T22:01:57.287Z,10941846
2025-11-25T22:00:41.244Z,46690542
2025-11-25T22:00:31.312Z,32232893
2025-11-25T22:00:29.377Z,7323443
2025-11-25T22:00:05.083Z,44673448
2025-11-25T21:59:28.557Z,41234855
2025-11-25T21:58:08.176Z,46478330
2025-11-25T21:58:02.244Z,45553803
2025-11-25T21:57:23.812Z,46568562
2025-11-25T21:55:41.202Z,11166618
2025-11-25T21:55:14.749Z,14581928
2025-11-25T21:53:55.603Z,17162213
2025-11-25T21:53:45.364Z,36914368
2025-11-25T21:53:39.795Z,46656129
2025-11-25T21:52:43.213Z,42971794
2025-11-25T21:51:38.493Z,42570422
2025-11-25T21:50:57.977Z,27526329
2025-11-25T21:49:52.024Z,17556619
2025-11-25T21:48:25.646Z,37833342
2025-11-25T21:47:14.825Z,45073103
2025-11-25T21:44:50.337Z,14699469
2025-11-25T21:44:25.402Z,35731163
2025-11-25T21:43:26.052Z,12869135
2025-11-25T21:42:19.390Z,44583642
2025-11-25T21:41:20.440Z,2473417
2025-11-25T21:40:50.801Z,11085158
2025-11-25T21:39:43.107Z,42919194
2025-11-25T21:39:31.801Z,36571704
2025-11-25T21:39:22.316Z,19357756
2025-11-25T21:38:59.376Z,16693115
2025-11-25T21:37:37.829Z,29956116
2025-11-25T21:36:20.196Z,8228941
2025-11-25T21:35:56.622Z,46466286
2025-11-25T21:35:06.034Z,42441608
2025-11-25T21:33:44.130Z,12218442
2025-11-25T21:32:50.427Z,10858463
2025-11-25T21:30:40.843Z,24527255
2025-11-25T21:30:25.001Z,37833342
2025-11-25T21:29:08.567Z,11258277
2025-11-25T21:28:39.413Z,37775305
2025-11-25T21:28:07.789Z,21279262
2025-11-25T21:27:33.222Z,43116608
2025-11-25T21:25:02.604Z,45041926
2025-11-25T21:23:52.540Z,42449006
2025-11-25T21:23:35.167Z,30841015
2025-11-25T21:23:33.727Z,46515910
2025-11-25T21:23:33.217Z,12587334
2025-11-25T21:23:28.114Z,46679193
2025-11-25T21:22:43.758Z,11085158
2025-11-25T21:22:02.100Z,46155475
2025-11-25T21:21:48.404Z,46765394
2025-11-25T21:21:45.432Z,37407297
2025-11-25T21:21:22.092Z,43061166
2025-11-25T21:21:04.140Z,42919194
2025-11-25T21:20:53.176Z,15332414
2025-11-25T21:19:56.543Z,37923368
2025-11-25T21:19:12.321Z,17764759
2025-11-25T21:17:32.645Z,26321077
2025-11-25T21:16:49.582Z,40906049
2025-11-25T21:16:49.423Z,16795848
2025-11-25T21:16:48.580Z,30361577
2025-11-25T21:16:25.621Z,31800104
2025-11-25T21:16:15.014Z,7240323
2025-11-25T21:14:06.884Z,4052806
2025-11-25T21:13:03.401Z,42838813
2025-11-25T21:13:00.883Z,35149307
2025-11-25T21:12:39.236Z,5223107
2025-11-25T21:12:22.326Z,10896847
2025-11-25T21:11:33.672Z,16993018
2025-11-25T21:10:55.688Z,13124101
2025-11-25T21:10:43.226Z,42985072
2025-11-25T21:09:59.988Z,11228729
2025-11-25T21:09:50.600Z,46651219
2025-11-25T21:09:35.876Z,6241050
2025-11-25T21:08:43.489Z,42544788
2025-11-25T21:06:26.661Z,39959336
2025-11-25T21:06:00.967Z,11085158
2025-11-25T21:05:54.618Z,13147974
2025-11-25T21:05:50.149Z,46776402
2025-11-25T21:05:16.346Z,35720862
2025-11-25T21:02:48.340Z,25801351
2025-11-25T21:01:48.374Z,31563949
2025-11-25T21:01:39.133Z,22176906
2025-11-25T21:01:33.127Z,11016654
2025-11-25T21:00:01.635Z,46650990
2025-11-25T20:58:57.612Z,13544292
2025-11-25T20:58:44.544Z,46842193
2025-11-25T20:57:29.573Z,11277134
2025-11-25T20:54:12.225Z,37407297
2025-11-25T20:53:52.646Z,42441608
2025-11-25T20:53:48.457Z,42747618
2025-11-25T20:52:52.180Z,10685869
2025-11-25T20:52:32.890Z,29507956
2025-11-25T20:52:00.508Z,13534350
2025-11-25T20:51:43.385Z,16993018
2025-11-25T20:50:28.645Z,22850823
2025-11-25T20:48:57.841Z,29507956
2025-11-25T20:47:07.956Z,29665599
2025-11-25T20:46:57.911Z,1982193
2025-11-25T20:46:41.704Z,7103501
2025-11-25T20:44:59.894Z,3824222
2025-11-25T20:43:56.069Z,12497557
2025-11-25T20:40:22.228Z,39554110
2025-11-25T20:40:05.330Z,22549891
2025-11-25T20:36:54.365Z,40244274
2025-11-25T20:36:04.991Z,23258563
2025-11-25T20:35:25.006Z,3824222
2025-11-25T20:33:32.256Z,12903175
2025-11-25T20:32:43.907Z,45177490
2025-11-25T20:29:55.276Z,46670936
2025-11-25T20:28:37.718Z,13147974
2025-11-25T20:28:05.437Z,46547072
2025-11-25T20:26:51.983Z,40611646
2025-11-25T20:24:57.600Z,43868075
2025-11-25T20:24:40.270Z,38551390
2025-11-25T20:23:11.354Z,43503321
2025-11-25T20:22:50.276Z,11145472
2025-11-25T20:22:43.920Z,12374426
2025-11-25T20:22:04.469Z,42709945
2025-11-25T20:21:51.834Z,39567297
2025-11-25T20:19:09.536Z,2592417
2025-11-25T20:18:38.692Z,43503321
2025-11-25T20:18:33.575Z,44256033
2025-11-25T20:18:20.050Z,9494744
2025-11-25T20:17:21.535Z,14121890
2025-11-25T20:16:46.638Z,38425014
2025-11-25T20:14:13.325Z,10766966
2025-11-25T20:14:13.163Z,12559356
2025-11-25T20:14:10.055Z,11103547
2025-11-25T20:13:04.296Z,31188769
2025-11-25T20:12:18.185Z,8156719
2025-11-25T20:12:02.229Z,35135058
2025-11-25T20:09:39.565Z,15919526
2025-11-25T20:09:14.991Z,17162213
2025-11-25T20:09:05.218Z,44872332
2025-11-25T20:07:16.903Z,42323973
2025-11-25T20:06:50.894Z,46679034
2025-11-25T20:06:06.988Z,2825203
2025-11-25T20:04:19.864Z,42324038
2025-11-25T20:04:07.578Z,14235822
2025-11-25T20:04:06.209Z,12600721
2025-11-25T20:01:31.822Z,37764112
2025-11-25T20:00:33.221Z,23258563
2025-11-25T20:00:29.424Z,27854677
2025-11-25T20:00:22.978Z,46656952
2025-11-25T19:59:30.639Z,20461114
2025-11-25T19:58:21.779Z,13102097
2025-11-25T19:57:55.369Z,3370814
2025-11-25T19:57:05.554Z,38354529
2025-11-25T19:57:00.802Z,9274849
2025-11-25T19:57:00.029Z,11185223
2025-11-25T19:56:40.679Z,30210714
2025-11-25T19:56:11.964Z,12218442
2025-11-25T19:55:31.131Z,
2025-11-25T19:54:48.315Z,45940649
2025-11-25T19:54:08.979Z,44081836
2025-11-25T19:53:10.798Z,2758083
2025-11-25T19:51:48.230Z,12399606
2025-11-25T19:50:28.487Z,46842401
2025-11-25T19:49:30.064Z,1982193
2025-11-25T19:49:12.012Z,15578554
2025-11-25T19:48:49.022Z,12820690
2025-11-25T19:47:43.679Z,10731287
2025-11-25T19:45:55.038Z,3958775
2025-11-25T19:43:46.730Z,46175658
2025-11-25T19:43:41.794Z,40641766
2025-11-25T19:41:49.793Z,16832665
2025-11-25T19:40:48.104Z,13013326
2025-11-25T19:40:27.684Z,46800675
2025-11-25T19:39:21.309Z,27757530
2025-11-25T19:38:53.404Z,40589553
2025-11-25T19:36:56.096Z,12218442
2025-11-25T19:36:43.590Z,44021625
2025-11-25T19:36:25.986Z,8897636
2025-11-25T19:36:10.839Z,44641988
2025-11-25T19:35:49.844Z,12311747
2025-11-25T19:35:02.133Z,27757530
2025-11-25T19:33:21.806Z,21872294
2025-11-25T19:31:48.035Z,9540339
2025-11-25T19:31:42.687Z,1604080
2025-11-25T19:28:12.719Z,29032397
2025-11-25T19:26:47.699Z,6721670
2025-11-25T19:25:14.384Z,31560530
2025-11-25T19:23:33.729Z,46543426
2025-11-25T19:23:24.450Z,10496115
2025-11-25T19:21:23.901Z,8671854
2025-11-25T19:21:11.396Z,42796583
2025-11-25T19:21:09.117Z,16676543
2025-11-25T19:19:43.426Z,43522777
2025-11-25T19:19:33.134Z,46765394
2025-11-25T19:18:44.327Z,38577451
2025-11-25T19:17:11.470Z,21354918
2025-11-25T19:15:00.792Z,12372016
2025-11-25T19:14:35.449Z,46190136
2025-11-25T19:14:23.717Z,28620609
2025-11-25T19:14:14.626Z,1686554
2025-11-25T19:13:41.116Z,26410283
2025-11-25T19:13:01.451Z,26766195
2025-11-25T19:12:28.582Z,25912441
2025-11-25T19:10:55.627Z,41113402
2025-11-25T19:10:26.529Z,29528115
2025-11-25T19:09:36.568Z,37617835
2025-11-25T19:09:33.367Z,13145797
2025-11-25T19:09:00.886Z,46523282
2025-11-25T19:08:42.625Z,21153844
2025-11-25T19:08:13.575Z,30487122
2025-11-25T19:07:58.512Z,17991844
2025-11-25T19:07:29.910Z,2661576
2025-11-25T19:06:34.770Z,15354650
2025-11-25T19:05:22.452Z,39252898
2025-11-25T19:04:25.367Z,32027755
2025-11-25T19:03:42.570Z,11146337
2025-11-25T18:58:00.167Z,26766195
2025-11-25T18:57:05.949Z,45737844
2025-11-25T18:57:05.313Z,11129226
2025-11-25T18:55:58.426Z,11060267
2025-11-25T18:54:29.773Z,45712883
2025-11-25T18:53:54.125Z,
2025-11-25T18:52:48.012Z,22389107
2025-11-25T18:50:38.795Z,27924022
2025-11-25T18:49:50.723Z,14163875
2025-11-25T18:49:16.757Z,46508591
2025-11-25T18:47:52.613Z,6408025
2025-11-25T18:44:49.230Z,40053899
2025-11-25T18:44:30.945Z,699951
2025-11-25T18:44:29.774Z,35933309
2025-11-25T18:43:56.532Z,23482912
2025-11-25T18:43:44.555Z,17287285
2025-11-25T18:43:30.321Z,12314784
2025-11-25T18:42:41.307Z,
2025-11-25T18:42:00.686Z,43756600
2025-11-25T18:41:35.245Z,41013964
2025-11-25T18:37:55.578Z,44068591
2025-11-25T18:37:30.465Z,25850941
2025-11-25T18:35:22.345Z,9619720
2025-11-25T18:35:02.065Z,46841163
2025-11-25T18:33:49.578Z,11228729
2025-11-25T18:33:46.651Z,37036579
2025-11-25T18:32:55.599Z,30050657
2025-11-25T18:32:33.351Z,45452717
2025-11-25T18:32:25.914Z,18647821
2025-11-25T18:31:05.413Z,10644265
2025-11-25T18:30:45.911Z,32328883
2025-11-25T18:28:52.950Z,43581165
2025-11-25T18:28:06.478Z,44427269
2025-11-25T18:28:00.573Z,4882033
2025-11-25T18:27:50.523Z,36177525
2025-11-25T18:25:23.555Z,10845513
2025-11-25T18:23:03.957Z,31433756
2025-11-25T18:21:18.501Z,42552714
2025-11-25T18:15:08.383Z,13979651
2025-11-25T18:14:59.349Z,28105455
2025-11-25T18:13:29.741Z,22919328
2025-11-25T18:12:32.132Z,10754846
2025-11-25T18:11:29.664Z,11237401
2025-11-25T18:10:38.583Z,15374331
2025-11-25T18:10:26.323Z,19816448
2025-11-25T18:09:26.631Z,12625477
2025-11-25T18:09:24.316Z,20460503
2025-11-25T18:08:29.680Z,45940649
2025-11-25T18:08:18.866Z,43940180
2025-11-25T18:07:42.951Z,9823425
2025-11-25T18:03:28.906Z,46712654
2025-11-25T18:03:02.686Z,10878467
2025-11-25T18:02:57.151Z,11228729
2025-11-25T18:02:41.396Z,14143339
2025-11-25T18:02:38.202Z,15592575
2025-11-25T18:02:25.881Z,18815837
2025-11-25T18:01:14.647Z,30597892
2025-11-25T18:01:03.462Z,11228729
2025-11-25T18:00:22.058Z,17266737
2025-11-25T17:58:43.036Z,14535879
2025-11-25T17:58:30.784Z,45705529
2025-11-25T17:56:39.480Z,18869993
2025-11-25T17:56:35.973Z,10648968
2025-11-25T17:55:59.097Z,21769475
2025-11-25T17:52:27.015Z,46776402
2025-11-25T17:51:25.499Z,38542924
2025-11-25T17:49:22.811Z,46804498
2025-11-25T17:48:22.936Z,46792957
2025-11-25T17:47:59.285Z,36813365
2025-11-25T17:47:54.322Z,16636785
2025-11-25T17:46:55.810Z,46041058
2025-11-25T17:45:31.033Z,43930852
2025-11-25T17:45:06.359Z,1385099
2025-11-25T17:42:53.530Z,22919328
2025-11-25T17:42:43.852Z,11288669
2025-11-25T17:40:33.394Z,35695033
2025-11-25T17:39:58.485Z,42717089
2025-11-25T17:39:42.715Z,12870798
2025-11-25T17:38:39.247Z,38830629
2025-11-25T17:36:49.506Z,12654071
2025-11-25T17:35:55.702Z,17287285
2025-11-25T17:35:12.364Z,29651635
2025-11-25T17:33:43.221Z,46753625
2025-11-25T17:31:18.114Z,32340471
2025-11-25T17:30:48.424Z,29218060
2025-11-25T17:30:22.797Z,32237938
2025-11-25T17:29:14.762Z,41128692
2025-11-25T17:28:53.679Z,42563253
2025-11-25T17:25:50.787Z,912807
2025-11-25T17:25:12.169Z,16650335
2025-11-25T17:25:11.796Z,16783884
2025-11-25T17:24:38.102Z,20212713
2025-11-25T17:23:13.166Z,16650335
2025-11-25T17:22:47.921Z,12394990
2025-11-25T17:22:02.981Z,12280417
2025-11-25T17:21:46.168Z,12765242
2025-11-25T17:20:53.415Z,43955403
2025-11-25T17:18:23.743Z,29558440
2025-11-25T17:18:07.919Z,44476147
2025-11-25T17:17:50.608Z,19699165
2025-11-25T17:17:36.042Z,21502124
2025-11-25T17:17:22.791Z,21105929
2025-11-25T17:17:19.050Z,29651635
2025-11-25T17:17:00.366Z,46728677
2025-11-25T17:16:08.031Z,43540170
2025-11-25T17:15:23.749Z,24534016
2025-11-25T17:14:08.553Z,9269854
2025-11-25T17:13:25.555Z,22850823
2025-11-25T17:13:21.373Z,44779887
2025-11-25T17:12:44.014Z,12630114
2025-11-25T17:11:55.762Z,1402075
2025-11-25T17:11:28.245Z,12134369
2025-11-25T17:11:02.759Z,19354065
2025-11-25T17:10:54.072Z,19836075
2025-11-25T17:10:11.723Z,7649606
2025-11-25T17:09:28.096Z,30292997
2025-11-25T17:09:27.307Z,
2025-11-25T17:09:24.906Z,45019723
2025-11-25T17:08:50.242Z,41242194
2025-11-25T17:05:46.690Z,29160003
2025-11-25T17:05:08.239Z,5223107
2025-11-25T17:04:46.344Z,2361043
2025-11-25T17:02:34.505Z,5451611
2025-11-25T17:00:26.309Z,10722271
2025-11-25T16:59:35.698Z,46496830
2025-11-25T16:59:03.382Z,40306629
2025-11-25T16:57:43.018Z,39898151
2025-11-25T16:57:34.862Z,7740115
2025-11-25T16:57:29.650Z,43954302
2025-11-25T16:56:49.108Z,44769009
2025-11-25T16:55:32.657Z,3082241
2025-11-25T16:53:49.499Z,21810847
2025-11-25T16:53:09.421Z,46539591
2025-11-25T16:53:04.445Z,4378858
2025-11-25T16:51:58.479Z,32032478
2025-11-25T16:47:35.903Z,46322033
2025-11-25T16:47:15.773Z,37911616
2025-11-25T16:46:55.041Z,14295569
2025-11-25T16:46:52.125Z,5252888
2025-11-25T16:46:21.076Z,10531628
2025-11-25T16:46:08.056Z,38854580
2025-11-25T16:45:27.018Z,36176419
2025-11-25T16:44:05.261Z,28495367
2025-11-25T16:44:02.476Z,19699165
2025-11-25T16:41:55.232Z,23744175
2025-11-25T16:41:05.221Z,43783859
2025-11-25T16:39:48.872Z,37717857
2025-11-25T16:39:03.385Z,18426326
2025-11-25T16:37:01.299Z,12407888
2025-11-25T16:36:14.506Z,36793445
2025-11-25T16:35:37.380Z,43352743
2025-11-25T16:35:06.355Z,27053953
2025-11-25T16:34:21.709Z,44769009
2025-11-25T16:33:31.434Z,45808962
2025-11-25T16:33:13.611Z,4761627
2025-11-25T16:33:10.862Z,21810847
2025-11-25T16:32:34.512Z,44760323
2025-11-25T16:31:29.146Z,44802230
2025-11-25T16:28:33.908Z,7455111
2025-11-25T16:28:15.293Z,31433756
2025-11-25T16:27:38.846Z,22850823
2025-11-25T16:27:19.211Z,3536204
2025-11-25T16:26:23.521Z,36959919
2025-11-25T16:26:20.877Z,14143339
2025-11-25T16:26:15.621Z,15701140
2025-11-25T16:25:46.390Z,37453582
2025-11-25T16:23:22.462Z,10793342
2025-11-25T16:23:15.519Z,43940180
2025-11-25T16:23:12.109Z,29811723
2025-11-25T16:22:40.783Z,18426326
2025-11-25T16:22:06.726Z,8157649
2025-11-25T16:21:48.142Z,39780124
2025-11-25T16:21:31.071Z,38413850
2025-11-25T16:18:38.929Z,10921855
2025-11-25T16:18:37.263Z,31124027
2025-11-25T16:18:17.549Z,36600331
2025-11-25T16:17:55.971Z,13238388
2025-11-25T16:17:08.919Z,37775831
2025-11-25T16:14:34.300Z,37920428
2025-11-25T16:12:27.156Z,28109540
2025-11-25T16:12:13.825Z,12602800
2025-11-25T16:11:14.535Z,44463549
2025-11-25T16:08:54.510Z,10821663
2025-11-25T16:07:26.754Z,21810847
2025-11-25T16:06:44.397Z,44463549
2025-11-25T16:05:58.849Z,19404209
2025-11-25T16:00:45.432Z,819497
2025-11-25T16:00:01.878Z,17618196
2025-11-25T15:59:21.969Z,18630327
2025-11-25T15:56:59.720Z,4882033
2025-11-25T15:56:59.523Z,44802230
2025-11-25T15:55:48.842Z,35393638
2025-11-25T15:55:38.721Z,15330689
2025-11-25T15:54:13.617Z,19404209
2025-11-25T15:53:43.577Z,819497
2025-11-25T15:52:58.831Z,17950802
2025-11-25T15:51:36.453Z,11744349
2025-11-25T15:51:09.742Z,10523375
2025-11-25T15:51:09.416Z,43760214
2025-11-25T15:46:38.489Z,
2025-11-25T15:46:22.841Z,9486850
2025-11-25T15:46:15.122Z,12312052
2025-11-25T15:46:15.081Z,12312052
2025-11-25T15:45:23.321Z,31402243
2025-11-25T15:45:11.305Z,17060219
2025-11-25T15:39:40.342Z,45869153
2025-11-25T15:36:25.045Z,13484338
2025-11-25T15:34:38.841Z,21980494
2025-11-25T15:34:01.695Z,13572907
2025-11-25T15:33:10.430Z,46838561
2025-11-25T15:31:41.086Z,46595118
2025-11-25T15:29:53.500Z,43511723
2025-11-25T15:29:49.639Z,35244196
2025-11-25T15:28:46.171Z,39960419
2025-11-25T15:28:25.472Z,7161249
2025-11-25T15:28:17.598Z,43810614
2025-11-25T15:24:49.290Z,12388170
2025-11-25T15:24:49.165Z,12388170
2025-11-25T15:22:22.013Z,31124027
2025-11-25T15:21:45.111Z,19575420
2025-11-25T15:19:59.693Z,41155125
2025-11-25T15:19:02.701Z,14606285
2025-11-25T15:17:39.564Z,11358982
2025-11-25T15:17:09.795Z,18647821
2025-11-25T15:15:10.090Z,13588354
2025-11-25T15:12:50.464Z,43470945
2025-11-25T15:12:03.701Z,32026646
2025-11-25T15:11:49.869Z,41155125
2025-11-25T15:10:59.202Z,29646635
2025-11-25T15:10:55.672Z,29777629
2025-11-25T15:07:22.355Z,10772061
2025-11-25T15:07:10.593Z,42247286
2025-11-25T15:04:54.700Z,31077242
2025-11-25T15:03:21.101Z,10497717
2025-11-25T15:02:42.603Z,12772971
2025-11-25T15:02:24.339Z,29731448
2025-11-25T15:01:40.961Z,13441710
2025-11-25T15:01:03.973Z,38048629
2025-11-25T15:00:15.097Z,11553112
2025-11-25T14:59:50.990Z,14191595
2025-11-25T14:59:24.151Z,9715563
2025-11-25T14:58:21.081Z,43239066
2025-11-25T14:57:36.256Z,
2025-11-25T14:56:58.646Z,10866608
2025-11-25T14:55:51.575Z,9269269
2025-11-25T14:55:13.177Z,21065742
2025-11-25T14:55:12.809Z,28380260
2025-11-25T14:53:59.965Z,37923368
2025-11-25T14:52:22.092Z,40491561
2025-11-25T14:51:50.435Z,46729533
2025-11-25T14:51:30.183Z,30709185
2025-11-25T14:51:09.887Z,29032397
2025-11-25T14:50:35.899Z,9715563
2025-11-25T14:50:28.324Z,41096699
2025-11-25T14:45:08.885Z,13294595
2025-11-25T14:42:12.717Z,38312439
2025-11-25T14:41:34.112Z,
2025-11-25T14:39:02.354Z,2527412
2025-11-25T14:38:20.399Z,9715563
2025-11-25T14:37:05.922Z,415630
2025-11-25T14:35:54.939Z,17502164
2025-11-25T14:35:51.437Z,5451611
2025-11-25T14:35:24.381Z,19578248
2025-11-25T14:34:39.105Z,10866608
2025-11-25T14:34:25.387Z,23309661
2025-11-25T14:30:52.962Z,36018334
2025-11-25T14:29:30.500Z,13607096
2025-11-25T14:27:34.113Z,26737637
2025-11-25T14:26:36.339Z,42557743
2025-11-25T14:24:40.246Z,38889466
2025-11-25T14:21:05.925Z,11062293
2025-11-25T14:19:28.955Z,22107157
2025-11-25T14:18:39.608Z,8618067
2025-11-25T14:17:53.518Z,29862554
2025-11-25T14:17:38.098Z,35594458
2025-11-25T14:14:53.562Z,17087888
2025-11-25T14:14:46.196Z,36018334
2025-11-25T14:12:32.657Z,1182598
2025-11-25T14:12:19.390Z,881692
2025-11-25T14:10:04.736Z,37193074
2025-11-25T14:06:18.879Z,851620
2025-11-25T14:05:41.808Z,44860332
2025-11-25T14:04:39.225Z,17120465
2025-11-25T14:04:26.375Z,42166031
2025-11-25T14:01:31.377Z,21113322
2025-11-25T13:59:25.939Z,12508708
2025-11-25T13:59:09.086Z,17606274
2025-11-25T13:56:53.607Z,19951984
2025-11-25T13:56:52.738Z,21165162
2025-11-25T13:56:03.827Z,40906049
2025-11-25T13:55:25.621Z,11107102
2025-11-25T13:54:24.610Z,4958376
2025-11-25T13:54:20.842Z,45519547
2025-11-25T13:49:51.801Z,
2025-11-25T13:48:38.372Z,17060219
2025-11-25T13:48:05.948Z,5298641
2025-11-25T13:47:31.320Z,2527412
2025-11-25T13:44:16.761Z,40887265
2025-11-25T13:41:53.657Z,1324821
2025-11-25T13:41:42.714Z,8175740
2025-11-25T13:41:18.044Z,12518553
2025-11-25T13:39:34.496Z,12508708
2025-11-25T13:39:09.554Z,19951984
2025-11-25T13:36:07.320Z,45872486
2025-11-25T13:35:52.819Z,12449806
2025-11-25T13:34:57.219Z,19331215
2025-11-25T13:33:11.217Z,7881180
2025-11-25T13:33:08.910Z,45558715
2025-11-25T13:32:21.245Z,45689473
2025-11-25T13:30:58.471Z,18355542
2025-11-25T13:29:56.332Z,16168652
2025-11-25T13:28:28.888Z,29652258
2025-11-25T13:27:31.896Z,7542694
2025-11-25T13:24:29.737Z,4958376
2025-11-25T13:24:09.683Z,269021
2025-11-25T13:21:12.069Z,16736514
2025-11-25T13:16:56.586Z,11147867
2025-11-25T13:16:04.991Z,11016654
2025-11-25T13:13:35.583Z,17458516
2025-11-25T13:13:32.537Z,42599755
2025-11-25T13:11:45.346Z,45931324
2025-11-25T13:08:59.333Z,19406413
2025-11-25T13:06:50.251Z,
2025-11-25T13:05:35.985Z,11464037
2025-11-25T13:03:19.136Z,11117616
2025-11-25T13:01:29.508Z,46008379
2025-11-25T12:58:07.325Z,11267366
2025-11-25T12:58:01.324Z,16390651
2025-11-25T12:55:52.495Z,4177229
2025-11-25T12:54:19.754Z,11147867
2025-11-25T12:54:13.166Z,37550790
2025-11-25T12:53:33.299Z,27560549
2025-11-25T12:49:41.347Z,46828119
2025-11-25T12:47:40.273Z,10872771
2025-11-25T12:46:34.187Z,11267366
2025-11-25T12:45:53.511Z,13647169
2025-11-25T12:45:26.746Z,28715401
2025-11-25T12:42:52.778Z,11347561
2025-11-25T12:38:00.761Z,37774757
2025-11-25T12:36:35.304Z,10536182
2025-11-25T12:35:13.091Z,2908114
2025-11-25T12:35:08.669Z,18823851
2025-11-25T12:34:29.917Z,36718515
2025-11-25T12:34:08.834Z,16700131
2025-11-25T12:30:53.428Z,11163794
2025-11-25T12:28:34.377Z,44487674
2025-11-25T12:27:09.303Z,10644265
2025-11-25T12:23:16.666Z,36814424
2025-11-25T12:22:04.289Z,14790945
2025-11-25T12:21:27.641Z,27635318
2025-11-25T12:18:52.731Z,44079518
2025-11-25T12:15:37.110Z,12905105
2025-11-25T12:14:10.050Z,36553608
2025-11-25T12:11:24.028Z,15679168
2025-11-25T12:10:38.051Z,10986353
2025-11-25T12:09:09.148Z,13129241
2025-11-25T12:07:06.618Z,11068294
2025-11-25T12:04:53.354Z,1412977
2025-11-25T12:03:35.167Z,27511451
2025-11-25T12:00:48.759Z,42506368
2025-11-25T12:00:09.884Z,16986059
2025-11-25T11:59:25.370Z,31145408
2025-11-25T11:59:08.082Z,12347011
2025-11-25T11:57:32.499Z,6977707
2025-11-25T11:56:09.382Z,16390651
2025-11-25T11:55:38.359Z,37774757
2025-11-25T11:55:15.412Z,29276313
2025-11-25T11:53:55.362Z,14465527
2025-11-25T11:52:02.746Z,40387056
2025-11-25T11:49:34.683Z,37580855
2025-11-25T11:48:35.344Z,13388520
2025-11-25T11:48:24.397Z,15942348
2025-11-25T11:47:26.215Z,11204623
2025-11-25T11:46:49.744Z,3215599
2025-11-25T11:45:06.890Z,10894458
2025-11-25T11:41:27.683Z,44539478
2025-11-25T11:40:56.334Z,4030630
2025-11-25T11:38:21.320Z,2454245
2025-11-25T11:36:49.592Z,983700
2025-11-25T11:36:45.973Z,12004833
2025-11-25T11:35:55.962Z,11818591
2025-11-25T11:35:32.243Z,37965943
2025-11-25T11:34:39.693Z,23709705
2025-11-25T11:33:31.275Z,7820125
2025-11-25T11:32:02.195Z,36077079
2025-11-25T11:30:26.915Z,10952847
2025-11-25T11:28:40.764Z,12326064
2025-11-25T11:25:29.526Z,18376755
2025-11-25T11:25:09.636Z,12905105
2025-11-25T11:23:26.022Z,32082224
2025-11-25T11:23:23.996Z,29543773
2025-11-25T11:23:18.633Z,39478297
2025-11-25T11:21:48.899Z,10311992
2025-11-25T11:19:46.085Z,43365466
2025-11-25T11:17:26.072Z,362625
2025-11-25T11:17:03.022Z,15701140
2025-11-25T11:15:33.892Z,18451315
2025-11-25T11:12:08.728Z,23335705
2025-11-25T11:11:06.374Z,10708975
2025-11-25T11:10:57.447Z,44334779
2025-11-25T11:10:17.870Z,29543773
2025-11-25T11:07:07.336Z,38879920
2025-11-25T11:05:00.822Z,46315632
2025-11-25T11:02:18.131Z,43420886
2025-11-25T11:00:00.099Z,3234254
2025-11-25T10:58:23.759Z,14100794
2025-11-25T10:54:15.711Z,43753769
2025-11-25T10:52:48.344Z,20628509
2025-11-25T10:51:06.516Z,19286527
2025-11-25T10:49:38.476Z,18451315
2025-11-25T10:48:30.878Z,22740514
2025-11-25T10:47:53.413Z,10764556
2025-11-25T10:47:46.164Z,8890433
2025-11-25T10:43:50.926Z,21342127
2025-11-25T10:42:51.979Z,36666482
2025-11-25T10:35:38.554Z,16679452
2025-11-25T10:34:37.470Z,42491007
2025-11-25T10:31:56.825Z,43537981
2025-11-25T10:31:22.184Z,43537981
2025-11-25T10:29:43.019Z,38413850
2025-11-25T10:28:03.967Z,12650808
2025-11-25T10:27:00.345Z,8358136
2025-11-25T10:26:29.862Z,21633874
2025-11-25T10:21:48.451Z,5161699
2025-11-25T10:16:54.425Z,42377039
2025-11-25T10:15:43.067Z,27456134
2025-11-25T10:13:41.660Z,43616214
2025-11-25T10:12:11.578Z,21659198
2025-11-25T10:11:43.499Z,46322033
2025-11-25T10:09:54.870Z,32026646
2025-11-25T10:06:18.070Z,39944432
2025-11-25T10:05:02.951Z,4315724
2025-11-25T09:59:08.843Z,12369854
2025-11-25T09:57:54.966Z,18422437
2025-11-25T09:57:30.017Z,46505151
2025-11-25T09:57:09.632Z,39760713
2025-11-25T09:55:12.062Z,45123592
2025-11-25T09:50:50.318Z,3360318
2025-11-25T09:41:10.897Z,26000243
2025-11-25T09:40:10.092Z,27516579
2025-11-25T09:36:52.446Z,44179613
2025-11-25T09:34:45.192Z,39002726
2025-11-25T09:34:12.844Z,39002726
2025-11-25T09:33:53.506Z,43093350
2025-11-25T09:29:51.126Z,20184564
2025-11-25T09:28:38.970Z,12579806
2025-11-25T09:28:30.998Z,44625706
2025-11-25T09:27:48.091Z,42310422
2025-11-25T09:24:02.346Z,12685150
2025-11-25T09:20:48.557Z,2565696
2025-11-25T09:18:24.276Z,2565696
2025-11-25T09:14:21.382Z,44802230
2025-11-25T09:13:56.672Z,39176962
2025-11-25T09:13:21.039Z,27512350
2025-11-25T09:09:28.374Z,20701692
2025-11-25T09:07:36.814Z,45044396
2025-11-25T08:58:45.606Z,11144106
2025-11-25T08:58:12.533Z,42236339
2025-11-25T08:55:19.074Z,11301828
2025-11-25T08:53:22.914Z,22372930
2025-11-25T08:51:36.307Z,6546250
2025-11-25T08:49:08.519Z,912807
2025-11-25T08:48:19.615Z,12369854
2025-11-25T08:46:37.978Z,13388520
2025-11-25T08:43:38.792Z,38993242
2025-11-25T08:43:32.824Z,30682699
2025-11-25T08:41:12.517Z,27456134
2025-11-25T08:41:05.342Z,4810669
2025-11-25T08:39:52.845Z,13896282
2025-11-25T08:38:52.047Z,18933250
2025-11-25T08:37:22.307Z,44422254
2025-11-25T08:37:19.292Z,19618364
2025-11-25T08:33:44.323Z,21173772
2025-11-25T08:32:27.678Z,36802841
2025-11-25T08:32:07.302Z,14535879
2025-11-25T08:32:07.046Z,29337942
2025-11-25T08:29:57.434Z,45718986
2025-11-25T08:29:05.396Z,32226359
2025-11-25T08:28:26.557Z,43537981
2025-11-25T08:25:33.080Z,46547896
2025-11-25T08:23:45.768Z,19248045
2025-11-25T08:21:21.981Z,39252898
2025-11-25T08:20:11.440Z,13131606
2025-11-25T08:18:32.034Z,43376756
2025-11-25T08:18:22.398Z,36814424
2025-11-25T08:16:29.892Z,11269792
2025-11-25T08:14:58.819Z,13526788
2025-11-25T08:13:56.865Z,46773765
2025-11-25T08:12:28.972Z,30365247
2025-11-25T08:11:41.160Z,10628363
2025-11-25T08:10:42.604Z,31053765
2025-11-25T08:09:19.587Z,8550263
2025-11-25T08:06:16.902Z,15449427
2025-11-25T08:05:22.803Z,44323451
2025-11-25T08:04:54.677Z,32026646
2025-11-25T08:01:30.991Z,11144106
2025-11-25T08:01:05.916Z,21474793
2025-11-25T08:00:14.087Z,37999681
2025-11-25T07:57:53.178Z,8550263
2025-11-25T07:57:51.168Z,21132959
2025-11-25T07:57:46.241Z,11144106
2025-11-25T07:56:52.971Z,13694752
2025-11-25T07:51:58.615Z,45718986
2025-11-25T07:50:55.654Z,17321626
2025-11-25T07:49:28.908Z,44823017
2025-11-25T07:47:54.927Z,10878467
2025-11-25T07:47:48.652Z,18680121
2025-11-25T07:45:44.869Z,
