Date,@payload.userId
2025-11-26T08:10:35.136Z,10598558
2025-11-26T08:10:13.621Z,20257266
2025-11-26T08:06:48.258Z,9705025
2025-11-26T08:06:39.123Z,7849115
2025-11-26T08:03:25.948Z,22894988
2025-11-26T08:02:15.717Z,15906741
2025-11-26T08:00:13.611Z,44992246
2025-11-26T07:59:28.018Z,13059005
2025-11-26T07:58:53.275Z,44749116
2025-11-26T07:58:13.222Z,3516792
2025-11-26T07:56:04.636Z,37875859
2025-11-26T07:54:54.988Z,12020490
2025-11-26T07:53:24.138Z,11938448
2025-11-26T07:52:29.869Z,9705025
2025-11-26T07:52:04.031Z,28165807
2025-11-26T07:51:20.298Z,13574398
2025-11-26T07:50:22.915Z,12466962
2025-11-26T07:46:53.645Z,16806987
2025-11-26T07:45:40.623Z,13409607
2025-11-26T07:45:39.505Z,20363097
2025-11-26T07:44:09.904Z,10499129
2025-11-26T07:42:44.882Z,30331879
2025-11-26T07:40:57.936Z,7857328
2025-11-26T07:33:51.489Z,14442169
2025-11-26T07:33:04.764Z,11315172
2025-11-26T07:32:41.871Z,29584993
2025-11-26T07:32:18.440Z,11599254
2025-11-26T07:30:59.147Z,11065133
2025-11-26T07:30:08.214Z,11086116
2025-11-26T07:29:28.342Z,17006620
2025-11-26T07:27:05.343Z,39385673
2025-11-26T07:25:05.501Z,35416516
2025-11-26T07:24:01.527Z,10889909
2025-11-26T07:23:35.706Z,20999738
2025-11-26T07:16:43.659Z,5164498
2025-11-26T07:15:40.863Z,27984174
2025-11-26T07:12:11.748Z,12314365
2025-11-26T07:10:58.379Z,12433929
2025-11-26T07:10:53.287Z,14694742
2025-11-26T07:07:35.193Z,15377037
2025-11-26T07:06:56.125Z,3487854
2025-11-26T07:06:01.802Z,3516792
2025-11-26T07:03:18.574Z,3516792
2025-11-26T07:02:46.582Z,11170733
2025-11-26T06:59:01.305Z,12314365
2025-11-26T06:58:10.932Z,12474558
2025-11-26T06:56:35.438Z,45273760
2025-11-26T06:54:50.004Z,44569155
2025-11-26T06:54:18.708Z,773403
2025-11-26T06:52:15.737Z,14093993
2025-11-26T06:51:05.844Z,9579032
2025-11-26T06:50:40.616Z,21474116
2025-11-26T06:50:16.404Z,16724171
2025-11-26T06:49:42.592Z,27528907
2025-11-26T06:47:28.721Z,13082361
2025-11-26T06:46:21.609Z,20999738
2025-11-26T06:46:13.875Z,30074518
2025-11-26T06:45:47.259Z,10782655
2025-11-26T06:45:45.370Z,4056178
2025-11-26T06:43:46.209Z,7037215
2025-11-26T06:43:38.923Z,28235750
2025-11-26T06:42:17.302Z,12539814
2025-11-26T06:41:06.291Z,6883848
2025-11-26T06:38:58.688Z,11096986
2025-11-26T06:37:43.603Z,14694742
2025-11-26T06:36:43.872Z,15316777
2025-11-26T06:36:26.930Z,12650777
2025-11-26T06:34:38.316Z,13318884
2025-11-26T06:33:32.783Z,4167976
2025-11-26T06:32:59.229Z,148502
2025-11-26T06:32:36.056Z,12137347
2025-11-26T06:31:32.179Z,22425057
2025-11-26T06:27:02.782Z,19472379
2025-11-26T06:26:19.471Z,10793034
2025-11-26T06:25:42.902Z,15953157
2025-11-26T06:25:06.879Z,11154228
2025-11-26T06:24:51.696Z,15316777
2025-11-26T06:20:23.071Z,1717793
2025-11-26T06:19:49.928Z,15953157
2025-11-26T06:19:10.591Z,44749116
2025-11-26T06:18:52.121Z,11096146
2025-11-26T06:16:55.645Z,10889290
2025-11-26T06:15:30.122Z,19471797
2025-11-26T06:13:18.185Z,11743295
2025-11-26T06:13:04.994Z,4298059
2025-11-26T06:11:56.533Z,9046356
2025-11-26T06:10:58.039Z,1391482
2025-11-26T06:10:32.776Z,12344391
2025-11-26T06:09:20.208Z,23696277
2025-11-26T06:08:45.570Z,23488432
2025-11-26T06:08:03.048Z,45341539
2025-11-26T06:07:16.347Z,22727360
2025-11-26T06:07:10.651Z,41100294
2025-11-26T06:06:38.824Z,2266920
2025-11-26T06:06:32.718Z,12641984
2025-11-26T06:05:14.023Z,19925964
2025-11-26T06:03:55.034Z,12070569
2025-11-26T06:03:49.975Z,10562459
2025-11-26T06:03:48.825Z,27980073
2025-11-26T06:03:02.082Z,21003851
2025-11-26T06:02:23.208Z,12070569
2025-11-26T05:59:39.554Z,7849115
2025-11-26T05:59:30.523Z,21283579
2025-11-26T05:58:13.189Z,16519396
2025-11-26T05:56:34.612Z,22628157
2025-11-26T05:56:29.432Z,20085277
2025-11-26T05:55:56.557Z,39274068
2025-11-26T05:55:18.673Z,6563539
2025-11-26T05:54:22.260Z,42611225
2025-11-26T05:54:21.219Z,12299878
2025-11-26T05:52:35.118Z,39745724
2025-11-26T05:52:27.264Z,389003
2025-11-26T05:51:53.902Z,11078217
2025-11-26T05:50:40.666Z,28904061
2025-11-26T05:50:33.561Z,29921577
2025-11-26T05:50:32.324Z,11077895
2025-11-26T05:50:29.340Z,565755
2025-11-26T05:50:13.731Z,12497536
2025-11-26T05:48:37.177Z,44490740
2025-11-26T05:48:36.545Z,7849115
2025-11-26T05:48:03.260Z,10474588
2025-11-26T05:47:29.446Z,44825827
2025-11-26T05:47:03.331Z,35939478
2025-11-26T05:45:10Z,36588976
2025-11-26T05:42:05.232Z,14423767
2025-11-26T05:40:38.771Z,11078217
2025-11-26T05:40:31.967Z,10819466
2025-11-26T05:39:45.949Z,13315651
2025-11-26T05:39:33.808Z,22025123
2025-11-26T05:39:27.134Z,20085277
2025-11-26T05:36:14.872Z,2081756
2025-11-26T05:33:24.679Z,12764663
2025-11-26T05:32:27.738Z,39115128
2025-11-26T05:32:01.249Z,16343335
2025-11-26T05:31:26.023Z,28904061
2025-11-26T05:31:24.391Z,10889290
2025-11-26T05:31:08.695Z,19609741
2025-11-26T05:30:51.889Z,45344384
2025-11-26T05:30:23.157Z,10958437
2025-11-26T05:29:57.630Z,10719902
2025-11-26T05:29:56.667Z,8317637
2025-11-26T05:29:35.611Z,10957688
2025-11-26T05:29:19.203Z,31128438
2025-11-26T05:28:47.919Z,17978855
2025-11-26T05:28:20.801Z,22894988
2025-11-26T05:26:52.622Z,10677644
2025-11-26T05:26:16.454Z,1609740
2025-11-26T05:25:30.030Z,1240314
2025-11-26T05:25:07.072Z,46786430
2025-11-26T05:24:23.787Z,11273500
2025-11-26T05:24:16.328Z,11078217
2025-11-26T05:23:25.632Z,12344391
2025-11-26T05:21:53.908Z,20982233
2025-11-26T05:21:38.199Z,18218869
2025-11-26T05:20:57.194Z,15336504
2025-11-26T05:20:30.635Z,9423862
2025-11-26T05:20:06.971Z,12782705
2025-11-26T05:19:55.600Z,2336291
2025-11-26T05:19:20.546Z,26482226
2025-11-26T05:19:18.400Z,28235750
2025-11-26T05:18:34.064Z,39426185
2025-11-26T05:15:43.801Z,42746426
2025-11-26T05:15:27.407Z,6428319
2025-11-26T05:15:21.013Z,10958437
2025-11-26T05:15:10.424Z,3447382
2025-11-26T05:13:50.417Z,14442169
2025-11-26T05:12:07.313Z,17095958
2025-11-26T05:12:06.865Z,12439618
2025-11-26T05:11:51.619Z,23489742
2025-11-26T05:11:06.036Z,40852286
2025-11-26T05:11:04.688Z,4300801
2025-11-26T05:10:44.282Z,2370902
2025-11-26T05:10:24.737Z,10997897
2025-11-26T05:09:32.204Z,8341187
2025-11-26T05:07:28.227Z,7301675
2025-11-26T05:07:22.571Z,2121938
2025-11-26T05:07:01.297Z,22628157
2025-11-26T05:06:25.014Z,17606436
2025-11-26T05:05:55.702Z,11196343
2025-11-26T05:05:33.309Z,10775658
2025-11-26T05:03:46.019Z,15906741
2025-11-26T05:03:39.526Z,36293876
2025-11-26T05:03:19.859Z,44754414
2025-11-26T05:01:37.790Z,10929546
2025-11-26T05:00:25.137Z,17119355
2025-11-26T05:00:16.864Z,44749116
2025-11-26T04:58:18.183Z,38939121
2025-11-26T04:58:00.528Z,26344030
2025-11-26T04:57:04.184Z,11442049
2025-11-26T04:56:38.131Z,12826928
2025-11-26T04:54:31.241Z,12497130
2025-11-26T04:53:55.239Z,1271921
2025-11-26T04:51:50.139Z,30344645
2025-11-26T04:50:24.497Z,41220453
2025-11-26T04:49:29.167Z,10860859
2025-11-26T04:48:51.411Z,46754197
2025-11-26T04:47:41.827Z,46822583
2025-11-26T04:47:35.683Z,29984904
2025-11-26T04:47:28.486Z,7942374
2025-11-26T04:46:33.322Z,10931893
2025-11-26T04:46:05.725Z,1524150
2025-11-26T04:45:47.920Z,4300801
2025-11-26T04:45:29.856Z,14552932
2025-11-26T04:45:24.366Z,42858012
2025-11-26T04:45:17.593Z,1049018
2025-11-26T04:45:07.238Z,4070728
2025-11-26T04:44:49.187Z,43060299
2025-11-26T04:44:42.273Z,13143431
2025-11-26T04:43:43.875Z,11120626
2025-11-26T04:42:40.906Z,8016077
2025-11-26T04:40:55.485Z,29852815
2025-11-26T04:40:35.747Z,11962379
2025-11-26T04:40:28.779Z,12344391
2025-11-26T04:39:59.688Z,10789159
2025-11-26T04:39:08.453Z,22170699
2025-11-26T04:38:37.385Z,39822374
2025-11-26T04:37:48.128Z,13563346
2025-11-26T04:36:17.564Z,5111736
2025-11-26T04:35:03.049Z,13416298
2025-11-26T04:34:55.472Z,19957170
2025-11-26T04:34:52.704Z,37742106
2025-11-26T04:33:42.622Z,13076118
2025-11-26T04:32:46.400Z,7849384
2025-11-26T04:32:34.668Z,20085277
2025-11-26T04:31:38.911Z,8376069
2025-11-26T04:30:06.257Z,8513009
2025-11-26T04:27:23.413Z,4554469
2025-11-26T04:25:48.351Z,2133162
2025-11-26T04:24:52.372Z,690514
2025-11-26T04:23:17.733Z,8060506
2025-11-26T04:23:12.354Z,30998025
2025-11-26T04:23:03.180Z,19957170
2025-11-26T04:22:30.217Z,41127598
2025-11-26T04:21:12.703Z,46229673
2025-11-26T04:20:57.453Z,44754414
2025-11-26T04:20:28.960Z,46600140
2025-11-26T04:19:40.774Z,10832491
2025-11-26T04:18:25.541Z,18292323
2025-11-26T04:18:20.328Z,46229673
2025-11-26T04:18:09.879Z,44058103
2025-11-26T04:17:49.662Z,13143431
2025-11-26T04:17:48.965Z,22822819
2025-11-26T04:17:15.850Z,45263115
2025-11-26T04:16:16.718Z,6193772
2025-11-26T04:15:52.790Z,20368491
2025-11-26T04:14:39.476Z,11259503
2025-11-26T04:14:17.219Z,18292323
2025-11-26T04:14:17.118Z,6363241
2025-11-26T04:14:04.179Z,27803943
2025-11-26T04:13:50.797Z,31560362
2025-11-26T04:13:32.424Z,36079633
2025-11-26T04:11:07.893Z,26995320
2025-11-26T04:10:00.444Z,4688589
2025-11-26T04:09:48.901Z,35107011
2025-11-26T04:09:39.682Z,14590020
2025-11-26T04:09:27.732Z,40694152
2025-11-26T04:09:09.233Z,30606399
2025-11-26T04:08:44.171Z,13143431
2025-11-26T04:08:41.750Z,12841217
2025-11-26T04:07:51.811Z,30051935
2025-11-26T04:07:18.530Z,12176322
2025-11-26T04:06:52.188Z,13733679
2025-11-26T04:06:51.154Z,8349081
2025-11-26T04:06:23.081Z,3702585
2025-11-26T04:04:40.308Z,35214293
2025-11-26T04:03:03.701Z,27430182
2025-11-26T04:02:46.604Z,10730296
2025-11-26T04:02:38.946Z,3479690
2025-11-26T04:02:29.910Z,6615499
2025-11-26T04:01:41.781Z,6452174
2025-11-26T04:01:27.705Z,32112975
2025-11-26T04:01:00.374Z,15451940
2025-11-26T04:00:54.178Z,26431489
2025-11-26T03:59:47.499Z,27430182
2025-11-26T03:59:37.222Z,2245213
2025-11-26T03:58:16.718Z,13563346
2025-11-26T03:58:05.489Z,915779
2025-11-26T03:58:05.156Z,17056390
2025-11-26T03:57:46.450Z,9426345
2025-11-26T03:57:09.892Z,37831947
2025-11-26T03:56:30.419Z,5981149
2025-11-26T03:56:07.473Z,46849901
2025-11-26T03:55:24.229Z,35913494
2025-11-26T03:55:14.715Z,6213468
2025-11-26T03:55:00.935Z,22012582
2025-11-26T03:55:00.530Z,17978855
2025-11-26T03:54:40.383Z,44472063
2025-11-26T03:51:25.895Z,40741103
2025-11-26T03:51:24.220Z,22012582
2025-11-26T03:51:14.623Z,45636207
2025-11-26T03:51:09.050Z,12047815
2025-11-26T03:50:22.422Z,372894
2025-11-26T03:49:33.496Z,22039233
2025-11-26T03:49:07.371Z,10770273
2025-11-26T03:48:28.497Z,10750435
2025-11-26T03:47:50.019Z,22553065
2025-11-26T03:47:29.282Z,32194685
2025-11-26T03:46:13.858Z,11090677
2025-11-26T03:45:19.653Z,20281739
2025-11-26T03:45:10.603Z,23747642
2025-11-26T03:45:04.420Z,43038020
2025-11-26T03:44:50.222Z,31947485
2025-11-26T03:44:12.058Z,1021513
2025-11-26T03:43:51.168Z,11216085
2025-11-26T03:41:51.605Z,31535148
2025-11-26T03:41:22.732Z,22553065
2025-11-26T03:40:57.123Z,11988918
2025-11-26T03:40:40.012Z,5790771
2025-11-26T03:39:58.430Z,10973008
2025-11-26T03:39:32.381Z,14465811
2025-11-26T03:38:42.759Z,10596408
2025-11-26T03:38:23.176Z,10608623
2025-11-26T03:38:21.870Z,12497130
2025-11-26T03:38:01.694Z,11515680
2025-11-26T03:37:21.212Z,38589057
2025-11-26T03:36:28.172Z,11169652
2025-11-26T03:35:17.947Z,10677641
2025-11-26T03:35:13.727Z,11988918
2025-11-26T03:34:02.529Z,1058295
2025-11-26T03:32:47.328Z,27029215
2025-11-26T03:32:18.052Z,10544500
2025-11-26T03:31:13.043Z,3259374
2025-11-26T03:30:25.019Z,9426345
2025-11-26T03:28:37.834Z,37950181
2025-11-26T03:28:01.368Z,11033912
2025-11-26T03:27:47.212Z,19318692
2025-11-26T03:27:31.424Z,37895041
2025-11-26T03:26:51.593Z,8015223
2025-11-26T03:26:32.245Z,30594078
2025-11-26T03:26:27.877Z,15316777
2025-11-26T03:26:20.699Z,14362508
2025-11-26T03:26:11.546Z,19449581
2025-11-26T03:25:59.831Z,22894988
2025-11-26T03:25:55.917Z,17529491
2025-11-26T03:25:42.997Z,18149539
2025-11-26T03:25:31.611Z,14478427
2025-11-26T03:25:16.351Z,31705880
2025-11-26T03:24:51.289Z,17599799
2025-11-26T03:24:11.726Z,11046521
2025-11-26T03:23:48.237Z,13618690
2025-11-26T03:23:34.896Z,11420201
2025-11-26T03:23:30.081Z,11065914
2025-11-26T03:23:17.595Z,13303268
2025-11-26T03:22:52.858Z,11218362
2025-11-26T03:22:41.793Z,10342135
2025-11-26T03:22:37.639Z,6176322
2025-11-26T03:22:07.434Z,27594049
2025-11-26T03:21:35.111Z,21965813
2025-11-26T03:21:11.155Z,43265182
2025-11-26T03:20:55.730Z,2248378
2025-11-26T03:20:49.278Z,2124338
2025-11-26T03:20:28.669Z,43935197
2025-11-26T03:20:05.154Z,16782397
2025-11-26T03:19:43.805Z,23665939
2025-11-26T03:18:48.636Z,16174818
2025-11-26T03:18:44.465Z,8492688
2025-11-26T03:17:31.781Z,18292323
2025-11-26T03:16:09.935Z,18091917
2025-11-26T03:15:10.811Z,13492153
2025-11-26T03:14:52.796Z,39778008
2025-11-26T03:14:22.226Z,26995320
2025-11-26T03:13:22.752Z,44547365
2025-11-26T03:13:13.775Z,10998477
2025-11-26T03:12:53.115Z,10562974
2025-11-26T03:12:39.553Z,38936012
2025-11-26T03:12:07.216Z,23654498
2025-11-26T03:12:04.125Z,13114718
2025-11-26T03:11:53.767Z,12180210
2025-11-26T03:11:26.647Z,17743348
2025-11-26T03:11:20.164Z,9072111
2025-11-26T03:11:12.423Z,23434241
2025-11-26T03:10:59.654Z,11764217
2025-11-26T03:10:56.757Z,2121938
2025-11-26T03:09:17.222Z,13022086
2025-11-26T03:09:01.334Z,10930416
2025-11-26T03:08:45.548Z,14874057
2025-11-26T03:08:32.964Z,14499198
2025-11-26T03:07:41.408Z,769584
2025-11-26T03:07:16.175Z,23654498
2025-11-26T03:06:58.505Z,29189103
2025-11-26T03:05:42.274Z,2201512
2025-11-26T03:05:22.877Z,7502060
2025-11-26T03:05:06.871Z,30421242
2025-11-26T03:04:02.360Z,18094442
2025-11-26T03:03:40.028Z,22213357
2025-11-26T03:03:16.705Z,39036375
2025-11-26T03:02:56.796Z,32010569
2025-11-26T03:01:03.485Z,10813099
2025-11-26T03:00:56.285Z,3499285
2025-11-26T02:59:40.356Z,44095238
2025-11-26T02:59:23.096Z,14367426
2025-11-26T02:58:52.884Z,11566708
2025-11-26T02:58:47.523Z,15624012
2025-11-26T02:57:59.432Z,13261636
2025-11-26T02:57:44.671Z,17346299
2025-11-26T02:57:33.721Z,10842566
2025-11-26T02:56:55.834Z,13992661
2025-11-26T02:56:42.569Z,23488432
2025-11-26T02:56:35.763Z,5198723
2025-11-26T02:56:31.112Z,29018480
2025-11-26T02:56:26.100Z,10801617
2025-11-26T02:56:11.824Z,40924130
2025-11-26T02:56:03.602Z,18009327
2025-11-26T02:55:28.547Z,28260020
2025-11-26T02:54:52.924Z,11042487
2025-11-26T02:54:44.122Z,17978855
2025-11-26T02:54:35.450Z,39115128
2025-11-26T02:53:44.652Z,46264524
2025-11-26T02:53:31.862Z,10780374
2025-11-26T02:53:28.776Z,19126201
2025-11-26T02:52:06.673Z,41031621
2025-11-26T02:51:48.262Z,135029
2025-11-26T02:51:36.274Z,10910521
2025-11-26T02:51:35.256Z,44547365
2025-11-26T02:50:50.778Z,10890191
2025-11-26T02:50:48.948Z,11247720
2025-11-26T02:50:17.873Z,21370312
2025-11-26T02:50:15.491Z,37618038
2025-11-26T02:47:47.173Z,389003
2025-11-26T02:47:38.649Z,1331398
2025-11-26T02:46:36.078Z,40989804
2025-11-26T02:46:17.019Z,2269106
2025-11-26T02:45:50.219Z,3713985
2025-11-26T02:45:02.148Z,45247075
2025-11-26T02:44:21.411Z,19031454
2025-11-26T02:42:09.683Z,11022643
2025-11-26T02:42:06.398Z,13019892
2025-11-26T02:41:39.130Z,44303697
2025-11-26T02:41:34.786Z,14350721
2025-11-26T02:41:12.085Z,27045758
2025-11-26T02:41:02.533Z,18670364
2025-11-26T02:40:59.630Z,7111609
2025-11-26T02:40:18.887Z,11867215
2025-11-26T02:40:18.609Z,2891004
2025-11-26T02:40:14.618Z,2370902
2025-11-26T02:39:50.501Z,17244173
2025-11-26T02:39:00.133Z,46512599
2025-11-26T02:38:41.854Z,40989804
2025-11-26T02:37:40.487Z,10738538
2025-11-26T02:37:34.372Z,43451329
2025-11-26T02:37:13.360Z,8211549
2025-11-26T02:37:05.147Z,10570164
2025-11-26T02:36:51.181Z,17594185
2025-11-26T02:36:43.495Z,12310428
2025-11-26T02:36:41.033Z,10928772
2025-11-26T02:36:25.961Z,44058103
2025-11-26T02:36:20.156Z,3203140
2025-11-26T02:34:53.902Z,10973008
2025-11-26T02:34:30.700Z,12433929
2025-11-26T02:34:23.646Z,10836858
2025-11-26T02:32:12.325Z,11325605
2025-11-26T02:31:13.594Z,22799728
2025-11-26T02:31:00.549Z,4906523
2025-11-26T02:30:02.921Z,28260020
2025-11-26T02:29:08.902Z,30606399
2025-11-26T02:28:20.476Z,30437719
2025-11-26T02:27:45.716Z,22725261
2025-11-26T02:27:04.105Z,9708171
2025-11-26T02:26:54.070Z,31060388
2025-11-26T02:26:48.885Z,11171628
2025-11-26T02:26:39.989Z,2370902
2025-11-26T02:26:34.228Z,2346248
2025-11-26T02:24:29.225Z,16936315
2025-11-26T02:24:25.669Z,6245941
2025-11-26T02:24:07.604Z,16819279
2025-11-26T02:23:59.160Z,44174060
2025-11-26T02:23:09.050Z,43859776
2025-11-26T02:22:42.238Z,28159901
2025-11-26T02:22:36.138Z,2383559
2025-11-26T02:22:10.333Z,32188731
2025-11-26T02:20:50.098Z,14350721
2025-11-26T02:20:23.038Z,14665675
2025-11-26T02:20:14.109Z,11599254
2025-11-26T02:19:54.084Z,27803943
2025-11-26T02:19:43.639Z,15379964
2025-11-26T02:18:43.452Z,16500552
2025-11-26T02:18:20.331Z,4264896
2025-11-26T02:18:17.819Z,44425762
2025-11-26T02:17:08.072Z,40562125
2025-11-26T02:15:57.757Z,8189964
2025-11-26T02:15:30.903Z,31242696
2025-11-26T02:15:09.603Z,11080501
2025-11-26T02:14:43.301Z,27710952
2025-11-26T02:14:37.520Z,14158262
2025-11-26T02:14:18.438Z,29295447
2025-11-26T02:14:07.801Z,11101752
2025-11-26T02:13:58.615Z,36005899
2025-11-26T02:13:35.977Z,2411881
2025-11-26T02:13:16.146Z,18298914
2025-11-26T02:12:11.323Z,11591299
2025-11-26T02:09:26.759Z,43669951
2025-11-26T02:08:54.194Z,36172550
2025-11-26T02:08:50.011Z,970838
2025-11-26T02:08:40.735Z,20521085
2025-11-26T02:07:45.293Z,13917151
2025-11-26T02:07:35.899Z,43451329
2025-11-26T02:06:45.402Z,36639660
2025-11-26T02:06:18.007Z,7292356
2025-11-26T02:04:37.698Z,578702
2025-11-26T02:03:54.106Z,18961783
2025-11-26T02:03:20.692Z,4782166
2025-11-26T02:02:01.824Z,1646958
2025-11-26T02:01:40.820Z,18446977
2025-11-26T02:01:35.220Z,11096986
2025-11-26T02:01:10.628Z,18574545
2025-11-26T02:00:43.676Z,17317843
2025-11-26T02:00:32.670Z,42122894
2025-11-26T01:59:52.014Z,12453667
2025-11-26T01:59:07.242Z,36581602
2025-11-26T01:58:26.485Z,4636958
2025-11-26T01:58:07.863Z,1135358
2025-11-26T01:57:51.672Z,3401507
2025-11-26T01:57:45.818Z,18608874
2025-11-26T01:57:25.939Z,18593714
2025-11-26T01:56:26.285Z,42739851
2025-11-26T01:55:35.496Z,11065914
2025-11-26T01:55:16.113Z,38581742
2025-11-26T01:55:05.956Z,46165994
2025-11-26T01:54:33.649Z,10598558
2025-11-26T01:54:06.156Z,17492308
2025-11-26T01:53:32.496Z,17439650
2025-11-26T01:52:50.086Z,18608874
2025-11-26T01:52:05.429Z,344747
2025-11-26T01:51:32.909Z,11329581
2025-11-26T01:50:44.450Z,22996379
2025-11-26T01:50:40.715Z,40852286
2025-11-26T01:50:26.354Z,12406778
2025-11-26T01:50:15.842Z,46191494
2025-11-26T01:49:56.780Z,18593714
2025-11-26T01:49:27.738Z,45615109
2025-11-26T01:48:36.152Z,10748008
2025-11-26T01:47:07.635Z,14365891
2025-11-26T01:44:27.524Z,29859224
2025-11-26T01:43:51.299Z,19318692
2025-11-26T01:43:13.411Z,45594867
2025-11-26T01:43:05.458Z,18643223
2025-11-26T01:42:56.927Z,1703528
2025-11-26T01:42:55.036Z,21370312
2025-11-26T01:42:38.281Z,29732351
2025-11-26T01:42:29.882Z,10562974
2025-11-26T01:42:15.226Z,19541150
2025-11-26T01:40:47.454Z,37516388
2025-11-26T01:39:55.149Z,39141067
2025-11-26T01:39:48.112Z,5442812
2025-11-26T01:39:28.070Z,11010528
2025-11-26T01:39:07.251Z,15610208
2025-11-26T01:38:25.892Z,16571995
2025-11-26T01:38:06.526Z,21370312
2025-11-26T01:37:38.775Z,12889595
2025-11-26T01:37:31.813Z,17359964
2025-11-26T01:37:29.803Z,28264406
2025-11-26T01:37:24.965Z,45236547
2025-11-26T01:37:02.808Z,23629212
2025-11-26T01:36:19.460Z,13990183
2025-11-26T01:35:53.342Z,5461408
2025-11-26T01:35:46.816Z,43782411
2025-11-26T01:35:28.205Z,32284758
2025-11-26T01:34:48.768Z,35890021
2025-11-26T01:33:29.627Z,29093209
2025-11-26T01:32:53.652Z,12830062
2025-11-26T01:32:41.978Z,15610436
2025-11-26T01:32:23.148Z,11171628
2025-11-26T01:31:30.276Z,11922644
2025-11-26T01:31:01.606Z,11950282
2025-11-26T01:29:52.182Z,19379550
2025-11-26T01:29:28.132Z,17666020
2025-11-26T01:29:08.189Z,45375628
2025-11-26T01:27:20.929Z,40403392
2025-11-26T01:27:06.577Z,43312350
2025-11-26T01:26:28.365Z,4906523
2025-11-26T01:25:57.074Z,12924811
2025-11-26T01:25:41.946Z,46833495
2025-11-26T01:24:14.166Z,12538090
2025-11-26T01:24:12.125Z,26524857
2025-11-26T01:24:00.087Z,10865081
2025-11-26T01:23:41.879Z,43690954
2025-11-26T01:23:38.333Z,891101
2025-11-26T01:22:46.966Z,16854228
2025-11-26T01:21:56.842Z,12654655
2025-11-26T01:21:04.668Z,6309990
2025-11-26T01:20:24.244Z,4227145
2025-11-26T01:18:53.871Z,23629212
2025-11-26T01:18:22.785Z,38465724
2025-11-26T01:17:59.653Z,12830062
2025-11-26T01:17:13.879Z,18770244
2025-11-26T01:16:26.009Z,10591014
2025-11-26T01:16:24.802Z,10711135
2025-11-26T01:16:19.801Z,1872768
2025-11-26T01:16:16.376Z,46553934
2025-11-26T01:15:55.533Z,26933139
2025-11-26T01:15:45.211Z,10776643
2025-11-26T01:15:31.988Z,10778673
2025-11-26T01:15:28.685Z,7337706
2025-11-26T01:15:14.660Z,14680690
2025-11-26T01:15:01.615Z,6261279
2025-11-26T01:14:59.243Z,10880287
2025-11-26T01:14:46.919Z,36758501
2025-11-26T01:13:50.343Z,39036375
2025-11-26T01:13:47.545Z,9030942
2025-11-26T01:13:06.862Z,13550517
2025-11-26T01:12:45.329Z,29732351
2025-11-26T01:12:41.393Z,14446854
2025-11-26T01:12:32.245Z,8464914
2025-11-26T01:12:27.468Z,40262876
2025-11-26T01:12:09.657Z,35281504
2025-11-26T01:11:55.367Z,2891004
2025-11-26T01:11:54.493Z,16467238
2025-11-26T01:11:17.358Z,46828759
2025-11-26T01:10:50.624Z,31205420
2025-11-26T01:09:45.135Z,36558413
2025-11-26T01:08:12.945Z,22267735
2025-11-26T01:08:08.228Z,30702764
2025-11-26T01:07:18.770Z,6041627
2025-11-26T01:06:54.388Z,14147153
2025-11-26T01:05:37.639Z,12372528
2025-11-26T01:03:50.624Z,30285081
2025-11-26T01:03:05.925Z,12489220
2025-11-26T01:02:25.477Z,11258888
2025-11-26T01:02:02.868Z,40328668
2025-11-26T01:01:17.215Z,44580276
2025-11-26T01:01:14.040Z,4049099
2025-11-26T01:00:51.693Z,12393786
2025-11-26T01:00:36.045Z,22749
2025-11-26T01:00:25.673Z,4906523
2025-11-26T01:00:13.777Z,3121067
2025-11-26T00:55:57.292Z,37454037
2025-11-26T00:55:05.790Z,11284317
2025-11-26T00:52:43.317Z,11101752
2025-11-26T00:52:15.137Z,28835643
2025-11-26T00:51:41.791Z,20779280
2025-11-26T00:51:36.836Z,41038180
2025-11-26T00:51:08.729Z,1406056
2025-11-26T00:48:44.587Z,44909397
2025-11-26T00:48:28.673Z,29950399
2025-11-26T00:48:22.476Z,18770244
2025-11-26T00:45:53.282Z,17324292
2025-11-26T00:45:36.993Z,15226191
2025-11-26T00:45:12.401Z,19067230
2025-11-26T00:45:01.604Z,13389781
2025-11-26T00:44:46.980Z,497155
2025-11-26T00:44:37.326Z,144020
2025-11-26T00:44:32.322Z,10965331
2025-11-26T00:44:31.004Z,41189898
2025-11-26T00:44:02.519Z,46640215
2025-11-26T00:43:42.252Z,28484801
2025-11-26T00:42:53.827Z,30475480
2025-11-26T00:42:39.516Z,29732351
2025-11-26T00:41:38.074Z,3259374
2025-11-26T00:41:04.050Z,10650025
2025-11-26T00:40:55.313Z,17015152
2025-11-26T00:40:36.547Z,21417177
2025-11-26T00:40:01.784Z,11065914
2025-11-26T00:39:12.859Z,42409237
2025-11-26T00:38:57.882Z,13167910
2025-11-26T00:38:43.072Z,11922644
2025-11-26T00:36:43.627Z,17021108
2025-11-26T00:36:18.666Z,3277770
2025-11-26T00:36:00.417Z,22996379
2025-11-26T00:35:36.954Z,14332215
2025-11-26T00:35:24.244Z,19965121
2025-11-26T00:35:08.420Z,7339688
2025-11-26T00:34:59.766Z,8874426
2025-11-26T00:34:55.722Z,11362978
2025-11-26T00:34:55.417Z,45537296
2025-11-26T00:34:43.723Z,45724794
2025-11-26T00:34:04.017Z,11020924
2025-11-26T00:33:42.312Z,29735912
2025-11-26T00:32:56.027Z,10519699
2025-11-26T00:31:17.473Z,37265439
2025-11-26T00:30:10.168Z,4421680
2025-11-26T00:30:06.932Z,13777856
2025-11-26T00:29:35.941Z,44905388
2025-11-26T00:29:25.962Z,20187732
2025-11-26T00:29:23.046Z,44737604
2025-11-26T00:29:20.945Z,12393786
2025-11-26T00:29:19.707Z,46272025
2025-11-26T00:28:51.761Z,8302426
2025-11-26T00:28:44.380Z,27687751
2025-11-26T00:28:21.859Z,39110973
2025-11-26T00:27:18.942Z,1058295
2025-11-26T00:27:11.568Z,10841118
2025-11-26T00:26:05.981Z,825164
2025-11-26T00:25:17.123Z,10732639
2025-11-26T00:24:51.049Z,8581737
2025-11-26T00:24:15.809Z,10832655
2025-11-26T00:23:40.824Z,4415289
2025-11-26T00:23:34.331Z,11362101
2025-11-26T00:23:06.737Z,27725625
2025-11-26T00:22:09.859Z,1516167
2025-11-26T00:22:02.536Z,8056967
2025-11-26T00:21:57.342Z,39121995
2025-11-26T00:21:54.988Z,12370106
2025-11-26T00:21:35.834Z,16477974
2025-11-26T00:20:49.960Z,38031471
2025-11-26T00:20:39.832Z,26482226
2025-11-26T00:20:28.303Z,42120488
2025-11-26T00:20:27.759Z,10922261
2025-11-26T00:19:54.142Z,13572786
2025-11-26T00:18:20.659Z,40974830
2025-11-26T00:18:01.333Z,10564001
2025-11-26T00:17:54.256Z,14365591
2025-11-26T00:17:02.397Z,41090338
2025-11-26T00:16:39.757Z,5081494
2025-11-26T00:16:36.146Z,11829927
2025-11-26T00:16:07.427Z,21447835
2025-11-26T00:16:05.327Z,29334194
2025-11-26T00:15:55.760Z,13572786
2025-11-26T00:15:03.841Z,19223168
2025-11-26T00:14:58.395Z,10822570
2025-11-26T00:14:46.005Z,27236833
2025-11-26T00:14:10.652Z,4051829
2025-11-26T00:13:41.879Z,11966101
2025-11-26T00:12:45.399Z,11005701
2025-11-26T00:12:21.711Z,43867178
2025-11-26T00:11:46.118Z,13610211
2025-11-26T00:10:37.055Z,9517958
2025-11-26T00:10:36.478Z,30606399
2025-11-26T00:10:26.458Z,10648691
2025-11-26T00:10:05.362Z,11167367
2025-11-26T00:09:20.015Z,46814189
2025-11-26T00:08:25.220Z,45558907
2025-11-26T00:08:00.502Z,39318462
2025-11-26T00:07:57.217Z,46801542
2025-11-26T00:07:44.785Z,11235681
2025-11-26T00:06:42.032Z,42552036
2025-11-26T00:05:50.674Z,30606399
2025-11-26T00:05:27.564Z,21700277
2025-11-26T00:04:59.907Z,28264406
2025-11-26T00:04:46.613Z,10806971
2025-11-26T00:04:36.273Z,5685492
2025-11-26T00:04:30.799Z,1621676
2025-11-26T00:03:46.877Z,3153383
2025-11-26T00:03:28.012Z,4264896
2025-11-26T00:03:15.637Z,13563346
2025-11-26T00:03:07.791Z,13724142
2025-11-26T00:02:52.391Z,10644543
2025-11-26T00:02:14.494Z,44577787
2025-11-26T00:01:40.303Z,31992735
2025-11-26T00:01:13.451Z,17256357
2025-11-26T00:00:49.669Z,10693974
2025-11-26T00:00:40.777Z,13563346
2025-11-25T23:59:47.186Z,40647690
2025-11-25T23:59:45.648Z,13724142
2025-11-25T23:59:15.106Z,12372528
2025-11-25T23:59:08.021Z,12199324
2025-11-25T23:58:52.564Z,11101752
2025-11-25T23:58:52.543Z,8060506
2025-11-25T23:58:25.082Z,18678960
2025-11-25T23:57:53.037Z,30607953
2025-11-25T23:57:34.977Z,35794927
2025-11-25T23:57:13.979Z,8342938
2025-11-25T23:57:12.236Z,16614754
2025-11-25T23:56:34.026Z,12297826
2025-11-25T23:55:53.322Z,10792067
2025-11-25T23:55:25.665Z,43575659
2025-11-25T23:55:19.818Z,10645876
2025-11-25T23:53:58.931Z,19364725
2025-11-25T23:53:40.875Z,16787788
2025-11-25T23:53:27.225Z,39842605
2025-11-25T23:53:21.128Z,10241089
2025-11-25T23:52:52.212Z,18961783
2025-11-25T23:52:35.733Z,5429611
2025-11-25T23:52:35.248Z,42904572
2025-11-25T23:52:20.158Z,39542624
2025-11-25T23:51:53.233Z,11298049
2025-11-25T23:51:42.051Z,13696684
2025-11-25T23:51:14.826Z,15832331
2025-11-25T23:50:09.268Z,4264896
2025-11-25T23:49:42.188Z,28197567
2025-11-25T23:49:22.743Z,10913992
2025-11-25T23:49:15.865Z,5304598
2025-11-25T23:48:22.926Z,8544616
2025-11-25T23:48:07.897Z,13294165
2025-11-25T23:47:36.773Z,25049639
2025-11-25T23:47:17.298Z,35092075
2025-11-25T23:46:22.312Z,31205420
2025-11-25T23:45:13.902Z,46082326
2025-11-25T23:45:07.622Z,27497975
2025-11-25T23:44:43.220Z,36062938
2025-11-25T23:44:29.551Z,13225210
2025-11-25T23:44:27.108Z,22553065
2025-11-25T23:44:22.389Z,10720764
2025-11-25T23:44:15.676Z,10760230
2025-11-25T23:44:10.504Z,13213506
2025-11-25T23:43:56.742Z,38970582
2025-11-25T23:42:50.578Z,14033517
2025-11-25T23:42:49.876Z,12199324
2025-11-25T23:42:44.993Z,15836517
2025-11-25T23:42:14.001Z,12378705
2025-11-25T23:41:21.200Z,13372760
2025-11-25T23:41:15.783Z,8060506
2025-11-25T23:40:31.205Z,10573767
2025-11-25T23:39:07.835Z,12667421
2025-11-25T23:38:53.383Z,12539814
2025-11-25T23:38:51.673Z,40223220
2025-11-25T23:37:18.903Z,2497821
2025-11-25T23:37:05.535Z,11358982
2025-11-25T23:37:05.101Z,15199154
2025-11-25T23:36:49.971Z,10556267
2025-11-25T23:36:40.379Z,10669143
2025-11-25T23:36:19.987Z,10783106
2025-11-25T23:35:20.776Z,11042487
2025-11-25T23:35:16.107Z,26933101
2025-11-25T23:35:10.228Z,15375609
2025-11-25T23:34:33.045Z,3711110
2025-11-25T23:33:52.363Z,1164521
2025-11-25T23:33:00.391Z,5017707
2025-11-25T23:32:39.908Z,13563346
2025-11-25T23:31:59.756Z,40689481
2025-11-25T23:31:47.439Z,36617007
2025-11-25T23:30:59.652Z,10778972
2025-11-25T23:30:48.424Z,13125053
2025-11-25T23:30:16.264Z,41109130
2025-11-25T23:30:11.901Z,35916822
2025-11-25T23:29:48.119Z,11492233
2025-11-25T23:29:35.445Z,255978
2025-11-25T23:29:22.954Z,36209575
2025-11-25T23:29:18.629Z,36264468
2025-11-25T23:28:43.306Z,20124597
2025-11-25T23:28:15.684Z,10650025
2025-11-25T23:27:43.800Z,30213609
2025-11-25T23:27:15.677Z,7011288
2025-11-25T23:26:51.190Z,40852286
2025-11-25T23:26:40.064Z,871468
2025-11-25T23:26:38.394Z,28761183
2025-11-25T23:26:32.389Z,44437412
2025-11-25T23:26:02.380Z,151988
2025-11-25T23:23:58.124Z,14068799
2025-11-25T23:23:52.563Z,26828020
2025-11-25T23:23:25.413Z,10702251
2025-11-25T23:23:15.091Z,14331571
2025-11-25T23:23:10.989Z,43847262
2025-11-25T23:21:41.430Z,8317500
2025-11-25T23:21:14.798Z,8317637
2025-11-25T23:20:59.700Z,13810600
2025-11-25T23:20:14.205Z,31589285
2025-11-25T23:19:59.638Z,3110631
2025-11-25T23:19:42.326Z,42286669
2025-11-25T23:19:21.943Z,30938476
2025-11-25T23:18:59.751Z,18961783
2025-11-25T23:18:39.546Z,19470598
2025-11-25T23:18:28.157Z,15995164
2025-11-25T23:18:23.529Z,28248462
2025-11-25T23:17:35.182Z,661978
2025-11-25T23:16:32.405Z,12975864
2025-11-25T23:15:41.353Z,13563346
2025-11-25T23:15:10.629Z,46296881
2025-11-25T23:14:28.826Z,38643607
2025-11-25T23:13:53.414Z,13464765
2025-11-25T23:13:53.190Z,28267943
2025-11-25T23:13:49.568Z,16319732
2025-11-25T23:12:15.556Z,16477974
2025-11-25T23:10:47.171Z,30036274
2025-11-25T23:10:41.982Z,1403024
2025-11-25T23:10:38.273Z,29584993
2025-11-25T23:10:16.053Z,8821331
2025-11-25T23:10:06.561Z,2220315
2025-11-25T23:08:28.476Z,12399797
2025-11-25T23:08:19.753Z,304237
2025-11-25T23:07:48.995Z,16687061
2025-11-25T23:07:43.774Z,26284376
2025-11-25T23:05:56.413Z,6626231
2025-11-25T23:04:21.434Z,2682826
2025-11-25T23:03:42.691Z,4769439
2025-11-25T23:03:39.009Z,11042487
2025-11-25T23:03:28.407Z,10852014
2025-11-25T23:01:46.719Z,304237
2025-11-25T23:00:25.728Z,46827496
2025-11-25T23:00:18.272Z,18345617
2025-11-25T22:59:11.210Z,29859224
2025-11-25T22:58:52.821Z,16633685
2025-11-25T22:58:48.163Z,26792151
2025-11-25T22:58:33.586Z,19269078
2025-11-25T22:58:32.942Z,16167525
2025-11-25T22:57:00.316Z,3306799
2025-11-25T22:56:56.318Z,12739721
2025-11-25T22:55:27.594Z,13081760
2025-11-25T22:54:07.134Z,16787788
2025-11-25T22:53:30.799Z,16787788
2025-11-25T22:53:00.014Z,20048111
2025-11-25T22:52:53.341Z,45851111
2025-11-25T22:51:57.872Z,18293675
2025-11-25T22:51:53.931Z,12191495
2025-11-25T22:51:02.093Z,26624531
2025-11-25T22:50:52.451Z,15995207
2025-11-25T22:50:50.447Z,16167525
2025-11-25T22:49:50.019Z,16787788
2025-11-25T22:49:32.484Z,12739721
2025-11-25T22:49:29.368Z,22059071
2025-11-25T22:48:22.695Z,22059071
2025-11-25T22:46:59.525Z,23376446
2025-11-25T22:46:37.765Z,5151755
2025-11-25T22:43:42.130Z,2891004
2025-11-25T22:43:35.483Z,10573767
2025-11-25T22:40:20.251Z,10951935
2025-11-25T22:40:13.095Z,16583275
2025-11-25T22:39:50.781Z,44307705
2025-11-25T22:39:11.417Z,13053436
2025-11-25T22:34:45.368Z,75919
2025-11-25T22:33:02.266Z,44732644
2025-11-25T22:32:56.481Z,27096777
2025-11-25T22:32:47.827Z,26012573
2025-11-25T22:31:45.542Z,16583275
2025-11-25T22:31:21.267Z,14446854
2025-11-25T22:30:45.672Z,13053436
2025-11-25T22:28:59.950Z,39385673
2025-11-25T22:27:33.783Z,1135358
2025-11-25T22:25:53.974Z,5564571
2025-11-25T22:25:08.882Z,16939877
2025-11-25T22:24:53.181Z,28889161
2025-11-25T22:24:51.451Z,19678200
2025-11-25T22:24:25.163Z,16290978
2025-11-25T22:24:13.092Z,17967556
2025-11-25T22:23:51.485Z,38189888
2025-11-25T22:23:35.489Z,17666020
2025-11-25T22:22:58.928Z,19728946
2025-11-25T22:22:42.226Z,10566822
2025-11-25T22:21:55.753Z,27710952
2025-11-25T22:20:40.937Z,27859235
2025-11-25T22:20:22.454Z,10879784
2025-11-25T22:18:29.844Z,22930781
2025-11-25T22:18:27.161Z,8885985
2025-11-25T22:18:19.032Z,14446854
2025-11-25T22:17:40.959Z,36101659
2025-11-25T22:17:38.047Z,36737282
2025-11-25T22:17:33.963Z,17571527
2025-11-25T22:17:20.369Z,12170585
2025-11-25T22:17:18.721Z,19931764
2025-11-25T22:17:11.027Z,19092479
2025-11-25T22:15:44.245Z,3643497
2025-11-25T22:15:34.785Z,11016350
2025-11-25T22:15:04.949Z,10587009
2025-11-25T22:12:50.045Z,21759663
2025-11-25T22:11:57.452Z,35752925
2025-11-25T22:11:45.348Z,9708171
2025-11-25T22:10:31.822Z,43070830
2025-11-25T22:09:27.176Z,11124845
2025-11-25T22:09:04.030Z,24536016
2025-11-25T22:08:47.511Z,11585272
2025-11-25T22:08:34.433Z,31290405
2025-11-25T22:08:33.627Z,21127113
2025-11-25T22:08:22.487Z,5684223
2025-11-25T22:07:56.585Z,11611882
2025-11-25T22:07:33.309Z,11358982
2025-11-25T22:07:19.787Z,17967556
2025-11-25T22:07:18.610Z,11486953
2025-11-25T22:06:37.343Z,36558413
2025-11-25T22:06:23.413Z,18290456
2025-11-25T22:06:18.088Z,4064540
2025-11-25T22:06:10.089Z,10879784
2025-11-25T22:04:10.178Z,35598902
2025-11-25T22:03:44.503Z,14717637
2025-11-25T22:03:42.724Z,3630224
2025-11-25T22:03:02.967Z,12342282
2025-11-25T22:01:45.526Z,10793955
2025-11-25T22:00:29.339Z,11201825
2025-11-25T21:59:55.319Z,5501599
2025-11-25T21:59:52.660Z,13177587
2025-11-25T21:59:47.908Z,45372750
2025-11-25T21:59:32.459Z,31619319
2025-11-25T21:59:12.277Z,31992735
2025-11-25T21:58:31.607Z,14437748
2025-11-25T21:57:54.986Z,8366969
2025-11-25T21:57:36.558Z,30636624
2025-11-25T21:57:29.930Z,16626702
2025-11-25T21:56:44.604Z,11167367
2025-11-25T21:56:29.749Z,11420180
2025-11-25T21:55:55.926Z,4377881
2025-11-25T21:54:35.428Z,19499986
2025-11-25T21:52:48.111Z,1540793
2025-11-25T21:51:27.456Z,43607566
2025-11-25T21:49:45.657Z,43026833
2025-11-25T21:49:04.090Z,14894951
2025-11-25T21:47:41.438Z,11022531
2025-11-25T21:47:14.775Z,7449403
2025-11-25T21:46:33.547Z,23644376
2025-11-25T21:43:54.200Z,36274724
2025-11-25T21:43:40.148Z,3181202
2025-11-25T21:42:21.826Z,39141067
2025-11-25T21:42:12.128Z,289265
2025-11-25T21:41:14.629Z,17571527
2025-11-25T21:40:38.787Z,11093169
2025-11-25T21:40:31.283Z,13749709
2025-11-25T21:40:05.771Z,43607566
2025-11-25T21:39:32.219Z,667086
2025-11-25T21:39:30.442Z,17499639
2025-11-25T21:39:25.057Z,12990849
2025-11-25T21:39:21.264Z,10886852
2025-11-25T21:37:06.715Z,27767591
2025-11-25T21:36:12.705Z,42549590
2025-11-25T21:34:11.007Z,29522535
2025-11-25T21:33:12.765Z,10883747
2025-11-25T21:32:55.275Z,10442274
2025-11-25T21:32:41.788Z,11206612
2025-11-25T21:31:00.586Z,8782904
2025-11-25T21:29:55.257Z,17486759
2025-11-25T21:29:51.080Z,22030880
2025-11-25T21:28:52.553Z,14814160
2025-11-25T21:28:23.033Z,35799403
2025-11-25T21:27:48.458Z,17649352
2025-11-25T21:27:43.390Z,27592181
2025-11-25T21:27:17.043Z,14446854
2025-11-25T21:26:10.793Z,42549590
2025-11-25T21:25:47.722Z,19503984
2025-11-25T21:25:10.020Z,211517
2025-11-25T21:24:40.307Z,12453667
2025-11-25T21:23:00.352Z,16787788
2025-11-25T21:22:21.856Z,12649966
2025-11-25T21:21:28.787Z,45649095
2025-11-25T21:21:26.205Z,10672223
2025-11-25T21:21:10.795Z,44010827
2025-11-25T21:20:30.220Z,6303758
2025-11-25T21:20:08.622Z,12579727
2025-11-25T21:19:48.467Z,31709007
2025-11-25T21:15:06.487Z,11201825
2025-11-25T21:14:19.886Z,32109168
2025-11-25T21:13:24.533Z,13154860
2025-11-25T21:12:41.146Z,18308677
2025-11-25T21:12:38.960Z,10852327
2025-11-25T21:11:06.911Z,43053223
2025-11-25T21:10:33.958Z,15393361
2025-11-25T21:08:00.466Z,22522698
2025-11-25T21:07:37.105Z,4573326
2025-11-25T21:07:23.022Z,37647282
2025-11-25T21:03:24.727Z,23221562
2025-11-25T21:01:07.098Z,10748847
2025-11-25T21:00:35.538Z,11196343
2025-11-25T20:59:38.281Z,17021108
2025-11-25T20:59:33.571Z,46842960
2025-11-25T20:58:04.211Z,13724142
2025-11-25T20:58:01.996Z,45593322
2025-11-25T20:56:43.406Z,11152877
2025-11-25T20:56:06.806Z,35464814
2025-11-25T20:54:26.635Z,926438
2025-11-25T20:53:31.179Z,10787161
2025-11-25T20:50:11.069Z,43086934
2025-11-25T20:50:09.037Z,10807729
2025-11-25T20:48:51.926Z,37576214
2025-11-25T20:48:26.543Z,15636260
2025-11-25T20:48:16.973Z,11617507
2025-11-25T20:47:17.326Z,27725625
2025-11-25T20:46:57.745Z,10535409
2025-11-25T20:46:10.336Z,183955
2025-11-25T20:44:37.501Z,37419269
2025-11-25T20:44:30.130Z,7102506
2025-11-25T20:44:27.969Z,10910313
2025-11-25T20:44:24.246Z,11198950
2025-11-25T20:44:20.338Z,46306007
2025-11-25T20:43:46.705Z,13258314
2025-11-25T20:43:06.954Z,790584
2025-11-25T20:40:09.429Z,38892456
2025-11-25T20:39:59.436Z,28588334
2025-11-25T20:39:53.538Z,10893598
2025-11-25T20:39:23.009Z,13763786
2025-11-25T20:38:35.649Z,11834490
2025-11-25T20:36:39.272Z,30308765
2025-11-25T20:35:37.343Z,29885687
2025-11-25T20:33:50.418Z,11157846
2025-11-25T20:32:41.136Z,11131014
2025-11-25T20:29:11.137Z,10285306
2025-11-25T20:29:05.136Z,517410
2025-11-25T20:27:25.507Z,18643223
2025-11-25T20:25:53.843Z,6485998
2025-11-25T20:25:51.680Z,43230259
2025-11-25T20:24:42.293Z,12049119
2025-11-25T20:23:41.214Z,11131014
2025-11-25T20:21:53.951Z,2575015
2025-11-25T20:21:34.784Z,17021108
2025-11-25T20:21:31.532Z,11131014
2025-11-25T20:21:24.461Z,46606581
2025-11-25T20:20:00.619Z,11004236
2025-11-25T20:19:34.805Z,10650434
2025-11-25T20:18:09.691Z,23530435
2025-11-25T20:15:15.581Z,14446854
2025-11-25T20:13:32.879Z,13664678
2025-11-25T20:13:13.141Z,10849384
2025-11-25T20:12:09.017Z,19478739
2025-11-25T20:11:23.427Z,11180966
2025-11-25T20:10:55.789Z,8607131
2025-11-25T20:08:44.754Z,46296881
2025-11-25T20:08:38.302Z,35669214
2025-11-25T20:08:16.879Z,13093038
2025-11-25T20:08:03.844Z,14093282
2025-11-25T20:07:58.823Z,43086934
2025-11-25T20:07:48.923Z,16939877
2025-11-25T20:07:02.474Z,12316952
2025-11-25T20:06:48.250Z,19998152
2025-11-25T20:06:28.164Z,11442049
2025-11-25T20:05:04.048Z,8994221
2025-11-25T20:04:53.824Z,44909397
2025-11-25T20:01:15.863Z,2336325
2025-11-25T20:00:06.822Z,39523798
2025-11-25T19:59:40.759Z,16616580
2025-11-25T19:59:19.189Z,32230547
2025-11-25T19:58:41.604Z,75919
2025-11-25T19:58:31.626Z,5920282
2025-11-25T19:57:10.448Z,11938448
2025-11-25T19:56:05.590Z,29939188
2025-11-25T19:55:12.995Z,16616580
2025-11-25T19:55:09.982Z,11198950
2025-11-25T19:54:51.399Z,2135333
2025-11-25T19:52:32.440Z,39711867
2025-11-25T19:51:16.207Z,35793844
2025-11-25T19:50:58.740Z,10893598
2025-11-25T19:49:21.992Z,10655185
2025-11-25T19:48:55.468Z,30365142
2025-11-25T19:48:50.235Z,5899369
2025-11-25T19:48:14.818Z,2575015
2025-11-25T19:47:45.804Z,14855149
2025-11-25T19:46:25.830Z,40713539
2025-11-25T19:45:43.974Z,3831727
2025-11-25T19:44:45.386Z,1671560
2025-11-25T19:44:33.150Z,1074927
2025-11-25T19:44:21.393Z,11442049
2025-11-25T19:44:10.817Z,11946092
2025-11-25T19:43:11.394Z,36327745
2025-11-25T19:42:55.050Z,12889595
2025-11-25T19:40:15.907Z,30243874
2025-11-25T19:40:09.151Z,46296881
2025-11-25T19:39:39.108Z,22020747
2025-11-25T19:39:16.318Z,11162478
2025-11-25T19:38:03.744Z,10615713
2025-11-25T19:37:58.404Z,46840026
2025-11-25T19:34:21.880Z,10889290
2025-11-25T19:33:13.853Z,11165137
2025-11-25T19:32:19.839Z,5183017
2025-11-25T19:30:40.650Z,46178359
2025-11-25T19:30:02.405Z,11021334
2025-11-25T19:29:51.407Z,11122786
2025-11-25T19:29:49.481Z,5183017
2025-11-25T19:29:48.393Z,4598898
2025-11-25T19:29:46.338Z,20203357
2025-11-25T19:28:26.691Z,21006091
2025-11-25T19:26:17.988Z,42186364
2025-11-25T19:26:12.497Z,8622893
2025-11-25T19:25:25.055Z,11361802
2025-11-25T19:25:10.234Z,11157846
2025-11-25T19:24:53.108Z,29907085
2025-11-25T19:23:28.596Z,6954822
2025-11-25T19:20:25.248Z,12559198
2025-11-25T19:19:29.899Z,28287652
2025-11-25T19:18:58.636Z,135029
2025-11-25T19:18:24.850Z,12213768
2025-11-25T19:17:09.753Z,30636624
2025-11-25T19:14:24.925Z,40879572
2025-11-25T19:14:21.302Z,6467333
2025-11-25T19:13:58.613Z,13177587
2025-11-25T19:13:27.415Z,11993613
2025-11-25T19:11:51.357Z,2372468
2025-11-25T19:11:04.401Z,10964975
2025-11-25T19:08:06.587Z,49272
2025-11-25T19:04:51.728Z,12457540
2025-11-25T19:03:54.822Z,11702987
2025-11-25T19:03:25.207Z,11041920
2025-11-25T19:03:02.239Z,3215889
2025-11-25T19:02:27.797Z,15898503
2025-11-25T19:02:05.175Z,43782742
2025-11-25T19:00:47.540Z,11777646
2025-11-25T19:00:41.780Z,10748008
2025-11-25T18:59:39.453Z,12387844
2025-11-25T18:58:25.712Z,12140522
2025-11-25T18:56:14.511Z,20458651
2025-11-25T18:54:42.441Z,13216352
2025-11-25T18:53:00.952Z,4598898
2025-11-25T18:52:20.892Z,2575015
2025-11-25T18:51:50.383Z,1622155
2025-11-25T18:50:33.029Z,7454024
2025-11-25T18:49:45.578Z,25946206
2025-11-25T18:47:42.033Z,23774001
2025-11-25T18:46:53.157Z,35259807
2025-11-25T18:46:32.710Z,35174758
2025-11-25T18:46:22.034Z,22008655
2025-11-25T18:45:04.706Z,39719408
2025-11-25T18:43:26.620Z,11394488
2025-11-25T18:40:28.108Z,767987
2025-11-25T18:40:06.767Z,16328797
2025-11-25T18:39:52.276Z,10552236
2025-11-25T18:38:43.906Z,21950433
2025-11-25T18:36:18.207Z,41283405
2025-11-25T18:34:35.423Z,3410761
2025-11-25T18:34:31.026Z,30094510
2025-11-25T18:32:37.841Z,11531328
2025-11-25T18:28:26.907Z,14535478
2025-11-25T18:27:23.751Z,36698354
2025-11-25T18:25:03.885Z,38932193
2025-11-25T18:23:19.247Z,10338272
2025-11-25T18:23:16.635Z,15325531
2025-11-25T18:22:24.081Z,10760296
2025-11-25T18:22:18.992Z,11260373
2025-11-25T18:21:48.790Z,11240929
2025-11-25T18:21:18.682Z,18730065
2025-11-25T18:19:52.168Z,16787788
2025-11-25T18:19:37.291Z,117118
2025-11-25T18:19:09.047Z,13177445
2025-11-25T18:18:11.875Z,39719408
2025-11-25T18:16:25.918Z,31282552
2025-11-25T18:16:07.715Z,12370733
2025-11-25T18:15:13.700Z,12213768
2025-11-25T18:15:08.778Z,10473270
2025-11-25T18:14:46.436Z,10734885
2025-11-25T18:11:50.963Z,19998152
2025-11-25T18:11:14.407Z,19998152
2025-11-25T18:10:52.854Z,11001741
2025-11-25T18:10:40.054Z,11198950
2025-11-25T18:10:19.407Z,43918890
2025-11-25T18:09:36.362Z,11198950
2025-11-25T18:09:27.591Z,14099043
2025-11-25T18:08:41.435Z,31097607
2025-11-25T18:04:59.841Z,10603494
2025-11-25T18:04:57.992Z,18730065
2025-11-25T18:04:42.134Z,11777646
2025-11-25T18:03:33.331Z,36560116
2025-11-25T18:02:42.817Z,13625561
2025-11-25T18:01:15.102Z,20832396
2025-11-25T18:01:01.507Z,9393029
2025-11-25T18:00:56.603Z,10750668
2025-11-25T17:58:37.393Z,10787161
2025-11-25T17:58:19.561Z,18649190
2025-11-25T17:56:15.529Z,19998152
2025-11-25T17:55:08.604Z,43640423
2025-11-25T17:54:43.966Z,847308
2025-11-25T17:53:54.531Z,3742489
2025-11-25T17:53:20.327Z,11167387
2025-11-25T17:51:45.280Z,10824287
2025-11-25T17:51:18.840Z,10556372
2025-11-25T17:50:59.854Z,897691
2025-11-25T17:49:38.596Z,1586157
2025-11-25T17:49:19.608Z,45093783
2025-11-25T17:48:52.606Z,4636958
2025-11-25T17:47:43.735Z,1024449
2025-11-25T17:47:19.498Z,14409623
2025-11-25T17:46:38.435Z,16617421
2025-11-25T17:44:55.893Z,43086934
2025-11-25T17:44:50.853Z,37228897
2025-11-25T17:41:30.427Z,12113013
2025-11-25T17:40:26.262Z,39202236
2025-11-25T17:38:43.892Z,39432998
2025-11-25T17:36:26.753Z,18373853
2025-11-25T17:35:09.807Z,45570229
2025-11-25T17:34:43.944Z,38913885
2025-11-25T17:32:52.490Z,38932193
2025-11-25T17:31:41.484Z,2364306
2025-11-25T17:31:36.268Z,8523941
2025-11-25T17:31:07.773Z,17176149
2025-11-25T17:31:03.781Z,11523447
2025-11-25T17:30:18.847Z,3489262
2025-11-25T17:29:20.901Z,267413
2025-11-25T17:29:18.048Z,11198950
2025-11-25T17:29:18.006Z,32056090
2025-11-25T17:28:34.100Z,16617421
2025-11-25T17:26:02.285Z,17649352
2025-11-25T17:24:50.804Z,10942298
2025-11-25T17:24:05.536Z,14291164
2025-11-25T17:23:53.713Z,43147910
2025-11-25T17:20:48.929Z,40600575
2025-11-25T17:17:44.599Z,43090806
2025-11-25T17:16:54.064Z,190945
2025-11-25T17:16:45.733Z,44770318
2025-11-25T17:16:39.278Z,1270188
2025-11-25T17:14:57.409Z,12444337
2025-11-25T17:13:30.842Z,2891004
2025-11-25T17:13:06.172Z,28815127
2025-11-25T17:12:17.229Z,10826561
2025-11-25T17:09:54.076Z,2738410
2025-11-25T17:09:24.683Z,36766602
2025-11-25T17:08:06.394Z,37192326
2025-11-25T17:06:17.168Z,43895385
2025-11-25T17:05:25.041Z,21821259
2025-11-25T17:04:58.734Z,13113187
2025-11-25T17:04:36.521Z,592843
2025-11-25T17:04:35.806Z,3259374
2025-11-25T17:04:22.312Z,15953157
2025-11-25T16:58:45.784Z,19490625
2025-11-25T16:56:41.349Z,11892959
2025-11-25T16:56:21.430Z,15953157
2025-11-25T16:56:02.590Z,10878930
2025-11-25T16:55:43.100Z,19397878
2025-11-25T16:54:17.347Z,11535755
2025-11-25T16:51:00.568Z,39532853
2025-11-25T16:50:20.176Z,46839393
2025-11-25T16:46:23.734Z,13177587
2025-11-25T16:43:50.357Z,12739721
2025-11-25T16:42:58.199Z,39725706
2025-11-25T16:41:47.950Z,23311345
2025-11-25T16:36:24.877Z,8110932
2025-11-25T16:35:26.806Z,36738689
2025-11-25T16:31:23.888Z,10734885
2025-11-25T16:30:45.293Z,44020834
2025-11-25T16:24:30.895Z,6465990
2025-11-25T16:21:22.925Z,267413
2025-11-25T16:20:43.375Z,16893719
2025-11-25T16:20:37.182Z,36647339
2025-11-25T16:17:49.138Z,8380745
2025-11-25T16:16:56.011Z,1474919
2025-11-25T16:15:40.751Z,45105411
2025-11-25T16:13:35.433Z,46838041
2025-11-25T16:10:54.035Z,22453697
2025-11-25T16:10:40.059Z,10878930
2025-11-25T16:10:30.554Z,20141040
2025-11-25T16:06:03.928Z,11252822
2025-11-25T16:03:30.291Z,12349988
2025-11-25T16:02:17.683Z,605117
2025-11-25T16:00:35.281Z,26394668
2025-11-25T15:59:30.275Z,1636168
2025-11-25T15:58:07.584Z,16893719
2025-11-25T15:57:30.475Z,41055679
2025-11-25T15:53:53.834Z,41055679
2025-11-25T15:52:08.300Z,8339109
2025-11-25T15:49:54.125Z,5789859
2025-11-25T15:49:13.224Z,14437748
2025-11-25T15:47:32.557Z,26659014
2025-11-25T15:44:47.200Z,5726816
2025-11-25T15:42:59.095Z,10825911
2025-11-25T15:42:32.030Z,1844044
2025-11-25T15:38:44.037Z,13122735
2025-11-25T15:38:15.346Z,11656631
2025-11-25T15:37:54.511Z,21607963
2025-11-25T15:36:51.773Z,46750357
2025-11-25T15:36:11.647Z,39711867
2025-11-25T15:33:16.424Z,11350616
2025-11-25T15:30:59.946Z,35622459
2025-11-25T15:30:44.742Z,45543432
2025-11-25T15:30:16.869Z,10886078
2025-11-25T15:27:55.728Z,5899369
2025-11-25T15:27:11.991Z,592843
2025-11-25T15:25:44.899Z,3850716
2025-11-25T15:25:10.417Z,23739811
2025-11-25T15:24:37.718Z,10556372
2025-11-25T15:22:32.623Z,40377510
2025-11-25T15:14:58.660Z,12133497
2025-11-25T15:13:47.041Z,19998152
2025-11-25T15:11:00.526Z,14437748
2025-11-25T15:10:10.236Z,12411376
2025-11-25T15:09:24.870Z,28487025
2025-11-25T15:07:54.736Z,1044033
2025-11-25T15:06:11.868Z,20966714
2025-11-25T15:05:58.378Z,1170682
2025-11-25T15:05:28.626Z,11201825
2025-11-25T15:03:52.055Z,5753462
2025-11-25T15:00:21.281Z,35737204
2025-11-25T14:55:20.277Z,45610662
2025-11-25T14:53:57.538Z,12439830
2025-11-25T14:52:20.383Z,10556372
2025-11-25T14:49:23.006Z,38779501
2025-11-25T14:49:07.052Z,2515626
2025-11-25T14:47:42.293Z,17605698
2025-11-25T14:45:01.145Z,37604608
2025-11-25T14:40:29.926Z,35314388
2025-11-25T14:40:21.208Z,14535478
2025-11-25T14:39:02.983Z,10773453
2025-11-25T14:35:19.574Z,893393
2025-11-25T14:33:22.536Z,22720574
2025-11-25T14:32:41.200Z,42165174
2025-11-25T14:32:13.112Z,39377615
2025-11-25T14:32:03.453Z,13154860
2025-11-25T14:31:46.016Z,1361238
2025-11-25T14:29:35.808Z,12467105
2025-11-25T14:27:45.177Z,6261279
2025-11-25T14:23:34.865Z,42594155
2025-11-25T14:22:44.917Z,15666691
2025-11-25T14:21:47.014Z,12722654
2025-11-25T14:17:58.674Z,35211116
2025-11-25T14:17:44.157Z,2171365
2025-11-25T14:16:36.165Z,10630232
2025-11-25T14:15:55.366Z,12503836
2025-11-25T14:15:48.457Z,10910963
2025-11-25T14:15:09.736Z,11162478
2025-11-25T14:14:30.187Z,14608608
2025-11-25T14:11:19.848Z,2432654
2025-11-25T14:09:56.922Z,21127113
2025-11-25T14:09:31.194Z,31388250
2025-11-25T14:09:06.051Z,16258799
2025-11-25T14:08:23.625Z,46704319
2025-11-25T14:08:21.103Z,6562896
2025-11-25T14:06:30.980Z,11573859
2025-11-25T14:05:32.129Z,12307319
2025-11-25T14:00:35.781Z,11656631
2025-11-25T13:56:18.330Z,2101615
2025-11-25T13:53:57.981Z,19831987
2025-11-25T13:48:56.534Z,22164615
2025-11-25T13:48:37.202Z,25947129
2025-11-25T13:48:34.485Z,3742489
2025-11-25T13:48:20.690Z,11000118
2025-11-25T13:43:44.144Z,21469299
2025-11-25T13:42:35.210Z,14408056
2025-11-25T13:42:19.868Z,12307319
2025-11-25T13:40:48.327Z,13999603
2025-11-25T13:37:06.020Z,11614532
2025-11-25T13:35:58.627Z,10923290
2025-11-25T13:33:58.235Z,28168738
2025-11-25T13:33:24.929Z,13999603
2025-11-25T13:33:00.519Z,27941465
2025-11-25T13:32:32.833Z,24525313
2025-11-25T13:32:06.721Z,28698272
2025-11-25T13:30:56.810Z,11308259
2025-11-25T13:30:08.668Z,893393
2025-11-25T13:29:40.725Z,43273458
2025-11-25T13:24:13.813Z,35236416
2025-11-25T13:18:52.819Z,8220469
2025-11-25T13:18:38.661Z,7266707
2025-11-25T13:16:51.622Z,11198965
2025-11-25T13:16:22.102Z,14613343
2025-11-25T13:16:19.652Z,10608623
2025-11-25T13:15:19.823Z,36863778
2025-11-25T13:14:00.114Z,5423171
2025-11-25T13:13:46.391Z,15360072
2025-11-25T13:12:00.171Z,19056682
2025-11-25T13:10:48.326Z,13602373
2025-11-25T13:06:23.471Z,17766687
2025-11-25T13:01:59.061Z,28068666
2025-11-25T13:01:17.995Z,46344487
2025-11-25T13:00:31.650Z,12213768
2025-11-25T12:58:31.665Z,10593616
2025-11-25T12:52:18.741Z,10573767
2025-11-25T12:51:35.838Z,45610662
2025-11-25T12:47:37.051Z,5198723
2025-11-25T12:46:43.260Z,19551716
2025-11-25T12:45:50.606Z,6207989
2025-11-25T12:45:29.652Z,22208025
2025-11-25T12:43:25.787Z,38189888
2025-11-25T12:37:19.043Z,36005655
2025-11-25T12:32:49.956Z,38189888
2025-11-25T12:31:12.885Z,19925964
2025-11-25T12:30:11.255Z,1798400
2025-11-25T12:29:45.787Z,12392384
2025-11-25T12:28:44.456Z,27516912
2025-11-25T12:27:35.830Z,35622459
2025-11-25T12:21:09.613Z,23739811
2025-11-25T12:19:00.519Z,12589506
2025-11-25T12:18:41.058Z,11946092
2025-11-25T12:16:07.661Z,6562896
2025-11-25T12:15:56.923Z,75919
2025-11-25T12:10:41.270Z,12589506
2025-11-25T12:07:10.467Z,5447354
2025-11-25T12:05:12.087Z,38951021
2025-11-25T11:57:59.724Z,11478076
2025-11-25T11:55:32.382Z,21669110
2025-11-25T11:53:56.795Z,12311299
2025-11-25T11:48:55.725Z,75919
2025-11-25T11:46:36.949Z,29682240
2025-11-25T11:46:32.804Z,13057147
2025-11-25T11:45:36.299Z,75919
2025-11-25T11:45:09.645Z,12358856
2025-11-25T11:44:06.632Z,19718530
2025-11-25T11:35:53.719Z,13081948
2025-11-25T11:35:42.285Z,45736229
2025-11-25T11:30:23.056Z,13240294
2025-11-25T11:29:37.773Z,13743902
2025-11-25T11:29:01.676Z,11083316
2025-11-25T11:24:01.189Z,10886852
2025-11-25T11:23:13.505Z,16952271
2025-11-25T11:20:41.048Z,8622893
2025-11-25T11:19:58.234Z,22678618
2025-11-25T11:19:13.807Z,11099207
2025-11-25T11:14:39.638Z,22844778
2025-11-25T11:08:56.038Z,42825825
2025-11-25T11:05:45.053Z,10878930
2025-11-25T11:00:57.017Z,11755123
2025-11-25T11:00:08.687Z,11755123
2025-11-25T10:54:40.335Z,11478076
2025-11-25T10:52:05.772Z,25212731
2025-11-25T10:51:34.503Z,31670405
2025-11-25T10:50:04.682Z,8622893
2025-11-25T10:48:28.632Z,12358856
2025-11-25T10:43:01.418Z,2528228
2025-11-25T10:32:33.002Z,28251598
2025-11-25T10:25:48.787Z,7639999
2025-11-25T10:25:19.560Z,10913992
2025-11-25T10:22:48.548Z,19981060
2025-11-25T10:17:22.407Z,42825825
2025-11-25T10:12:45.411Z,42825825
2025-11-25T10:12:39.613Z,1126497
2025-11-25T10:12:07.855Z,22640423
2025-11-25T10:11:03.310Z,6562896
2025-11-25T10:10:35.587Z,11305149
2025-11-25T10:08:48.434Z,10641261
2025-11-25T10:01:13.685Z,11755123
2025-11-25T09:59:39.607Z,25850936
2025-11-25T09:57:08.466Z,38361483
2025-11-25T09:53:10.242Z,22363474
2025-11-25T09:46:21.005Z,29835323
2025-11-25T09:44:46.663Z,22972267
2025-11-25T09:44:41.257Z,10761445
2025-11-25T09:43:56.598Z,40365690
2025-11-25T09:42:26.810Z,16249599
2025-11-25T09:41:13.488Z,42768503
2025-11-25T09:34:47.229Z,12363016
2025-11-25T09:30:35.975Z,15381231
2025-11-25T09:28:41.307Z,37516388
2025-11-25T09:26:28.917Z,11755123
2025-11-25T09:21:50.287Z,27397486
2025-11-25T09:21:09.501Z,13143431
2025-11-25T09:19:30.376Z,15381231
2025-11-25T09:19:07.465Z,10866912
2025-11-25T09:11:57.233Z,38083895
2025-11-25T09:11:11.207Z,11254363
2025-11-25T09:06:13.689Z,14866675
2025-11-25T09:05:03.750Z,16249599
2025-11-25T09:01:56.091Z,11131014
2025-11-25T09:01:49.089Z,31325001
2025-11-25T09:01:26.462Z,10878930
2025-11-25T08:58:25.145Z,16579424
2025-11-25T08:54:32.276Z,11538374
2025-11-25T08:51:27.905Z,13248545
2025-11-25T08:50:42.992Z,20322629
2025-11-25T08:47:21.826Z,2039872
2025-11-25T08:41:12.918Z,13550517
2025-11-25T08:37:59.747Z,43935197
2025-11-25T08:36:16.394Z,12455173
2025-11-25T08:35:45.227Z,16508575
2025-11-25T08:34:53.255Z,11210780
2025-11-25T08:20:32.273Z,11254363
2025-11-25T08:19:40.887Z,11214759
2025-11-25T08:16:43.400Z,10746689
